Curcumin Nano Particle,,9 micro L,,10 micro L,,20 micro L,,30 micro L,,40 micro L,,50 micro L,,60 micro L,,70 micro L,,80 micro L,,90 micro L,,,,,
271,,321,,321,,321,,271,,321,,321,,321,,321,,321,,321,,,,,
D1 420:430-700,,D1 420:430-750,,D1 420:430-750,,D1 420:430-750,,D1 420:430-700,,D1 420:430-750,,D1 420:430-750,,D1 420:430-750,,D1 420:430-750,,D1 420:430-750,,D1 420:430-750,,,,,
X,Y,X,Y,X,Y,X,Y,X,Y,X,Y,X,Y,X,Y,X,Y,X,Y,X,Y,,,,
430.084,44833.4,430.084,18873.7,430.084,29071.4,430.084,24446.9,430.084,17419.9,430.084,16068,430.084,18601,430.084,19409.1,430.084,15493.2,430.084,7404.49,430.084,8408.67,,,,
431.071,39384.7,431.071,17823.6,431.071,26200,431.071,21683.5,431.071,15836,431.071,13931.1,431.071,16340.3,431.071,17702.5,431.071,13548.4,431.071,6591.48,431.071,7213.75,,,,
432.057,36110.7,432.057,15382.3,432.057,23940.5,432.057,19217.1,432.057,15523.5,432.057,12853.6,432.057,14646.5,432.057,16895.1,432.057,13377.2,432.057,6109.87,432.057,6180.1,,,,
433.043,33218.6,433.043,14807.8,433.043,22968.5,433.043,17541,433.043,13347,433.043,12239.5,433.043,13075.1,433.043,14636.4,433.043,12038.2,433.043,5818.95,433.043,6380.76,,,,
434.03,30259.8,434.03,12833.4,434.03,19671.8,434.03,15846.1,434.03,12440.8,434.03,11102.5,434.03,12843.5,434.03,13860.6,434.03,10790.7,434.03,5648.44,434.03,5869.11,,,,
435.016,27325.8,435.016,12088.5,435.016,18076,435.016,15241.2,435.016,11756.5,435.016,10489,435.016,11203.1,435.016,12380.4,435.016,10267.8,435.016,4605.61,435.016,4856.24,,,,
436.003,26331.8,436.003,11877.2,436.003,17187.8,436.003,14434.9,436.003,11494.9,436.003,9755.12,436.003,10479,436.003,12138.9,436.003,8830.59,436.003,4625.66,436.003,4605.61,,,,
436.989,24467.1,436.989,10539.3,436.989,16138.6,436.989,13165.7,436.989,9182.26,436.989,8569.39,436.989,9111.92,436.989,10629.8,436.989,8991.35,436.989,4445.23,436.989,4485.32,,,,
437.975,23596.2,437.975,10096.9,437.975,15563.8,437.975,12380.4,437.975,10107,437.975,7796.06,437.975,8910.97,437.975,10951.6,437.975,8448.85,437.975,4194.65,437.975,4164.59,,,,
438.962,20955.4,438.962,9473.69,438.962,14414.8,438.962,11384.2,438.962,9503.85,438.962,6942.74,438.962,7876.39,438.962,9513.9,438.962,8328.32,438.962,3733.69,438.962,4014.26,,,,
439.948,19267.6,439.948,9081.78,439.948,14203.2,439.948,11515,439.948,8880.83,439.948,7836.22,439.948,7956.72,439.948,9413.39,439.948,7896.47,439.948,3493.23,439.948,3803.83,,,,
440.935,19146.4,440.935,8559.35,440.935,13679.3,440.935,11213.2,440.935,8348.41,440.935,7484.8,440.935,7324.17,440.935,8931.06,440.935,7765.93,440.935,3443.14,440.935,3673.57,,,,
441.921,18732.3,441.921,8760.27,441.921,12561.6,441.921,10338.2,441.921,8167.62,441.921,6882.52,441.921,7083.26,441.921,8790.41,441.921,7364.33,441.921,3282.85,441.921,3853.93,,,,
442.907,17894.3,442.907,8037.06,442.907,12712.6,442.907,10036.6,442.907,7735.81,442.907,6962.81,442.907,6782.16,442.907,8629.67,442.907,7334.21,442.907,3403.06,442.907,3683.59,,,,
443.894,16925.4,443.894,8268.06,443.894,11434.5,443.894,8448.85,443.894,8107.36,443.894,6952.77,443.894,6501.17,443.894,8237.92,443.894,7454.68,443.894,3312.9,443.894,3383.03,,,,
444.88,16027.6,444.88,8117.41,444.88,11595.5,444.88,9463.64,444.88,7494.84,444.88,6561.38,444.88,6230.26,444.88,8157.58,444.88,7033.07,444.88,3583.4,444.88,3713.65,,,,
446.113,15553.7,446.113,7705.69,446.113,10358.3,446.113,8760.27,446.113,7183.64,446.113,6220.23,446.113,6260.36,446.113,7705.69,446.113,6330.59,446.113,3403.06,446.113,3773.77,,,,
447.1,14868.2,447.1,7063.18,447.1,10107,447.1,8278.1,447.1,6962.81,447.1,6872.48,447.1,6581.45,447.1,8037.06,447.1,7173.6,447.1,3853.93,447.1,3753.73,,,,
448.086,14374.4,448.086,7304.1,448.086,9825.48,448.086,7886.43,448.086,7213.75,448.086,5528.08,448.086,6461.03,448.086,7243.87,448.086,6400.83,448.086,3603.44,448.086,3723.67,,,,
449.072,14092.3,449.072,7535,449.072,9383.25,449.072,8067.19,449.072,7002.96,449.072,6170.06,449.072,5628.38,449.072,7002.96,449.072,7013,449.072,3863.95,449.072,3843.91,,,,
450.059,13770,450.059,6912.63,450.059,9503.85,450.059,7786.02,450.059,7243.87,450.059,5929.29,450.059,5407.73,450.059,7514.92,450.059,6782.16,450.059,3393.05,450.059,3403.06,,,,
451.045,14314,451.045,6471.07,451.045,9222.46,451.045,8227.88,451.045,7043.11,451.045,6170.06,451.045,5588.26,451.045,7314.14,451.045,6782.16,451.045,3603.44,451.045,3483.21,,,,
452.032,13357,452.032,7113.37,452.032,8820.55,452.032,7675.56,452.032,6320.56,452.032,6280.43,452.032,5427.79,452.032,6742.01,452.032,6009.55,452.032,3362.99,452.032,3633.49,,,,
453.018,12883.8,453.018,6471.07,453.018,9051.63,453.018,7856.31,453.018,6782.16,453.018,5417.76,453.018,5909.23,453.018,6752.05,453.018,6300.49,453.018,3393.05,453.018,3793.81,,,,
454.004,12370.4,454.004,6701.87,454.004,8880.83,454.004,7464.72,454.004,6501.17,454.004,5568.2,454.004,5558.17,454.004,6360.69,454.004,6491.14,454.004,3753.73,454.004,3743.71,,,,
454.991,12481.1,454.991,6230.26,454.991,8549.3,454.991,7705.69,454.991,6370.73,454.991,5949.36,454.991,5708.62,454.991,6420.9,454.991,6370.73,454.991,3974.18,454.991,3533.3,,,,
455.977,12058.3,455.977,6320.56,455.977,8197.75,455.977,7374.37,455.977,5929.29,455.977,5447.85,455.977,4966.52,455.977,6089.8,455.977,5959.39,455.977,4324.95,455.977,4214.7,,,,
456.964,11042.2,456.964,5939.33,456.964,8338.36,456.964,6782.16,456.964,6139.97,456.964,5247.28,456.964,5909.23,456.964,6340.63,456.964,5999.52,456.964,4094.44,456.964,4645.71,,,,
457.95,11384.2,457.95,6170.06,457.95,7886.43,457.95,7153.52,457.95,6039.64,457.95,5427.79,457.95,5668.5,457.95,6290.46,457.95,7043.11,457.95,4154.57,457.95,4304.9,,,,
458.936,11665.9,458.936,6270.39,458.936,7695.65,458.936,6922.67,458.936,6129.93,458.936,6210.19,458.936,5518.05,458.936,6019.58,458.936,6752.05,458.936,4144.54,458.936,4264.81,,,,
459.923,10851.1,459.923,6681.8,459.923,8398.63,459.923,7344.25,459.923,6691.84,459.923,5899.2,459.923,6089.8,459.923,6742.01,459.923,6842.37,459.923,4164.59,459.923,4786.06,,,,
460.909,11193.1,460.909,6420.9,460.909,8016.98,460.909,7314.14,460.909,6952.77,460.909,5387.68,460.909,5497.99,460.909,6129.93,460.909,6812.26,460.909,4585.56,460.909,5147.01,,,,
461.896,11162.9,461.896,6059.71,461.896,8097.32,461.896,7705.69,461.896,7013,461.896,5618.35,461.896,5778.83,461.896,7143.48,461.896,6641.66,461.896,4685.81,461.896,5357.59,,,,
462.882,10810.8,462.882,6320.56,462.882,8027.02,462.882,7153.52,462.882,6260.36,462.882,5869.11,462.882,6109.87,462.882,6501.17,462.882,7464.72,462.882,5417.76,462.882,5317.48,,,,
464.115,11333.9,464.115,6681.8,464.115,8539.26,464.115,7073.22,464.115,6862.45,464.115,6250.33,464.115,5909.23,464.115,6932.7,464.115,7625.36,464.115,4625.66,464.115,5768.8,,,,
465.101,11504.9,465.101,6691.84,465.101,8830.59,465.101,7374.37,465.101,7013,465.101,6099.84,465.101,6320.56,465.101,7284.02,465.101,7033.07,465.101,5658.47,465.101,5608.32,,,,
466.088,10851.1,466.088,6982.89,466.088,9423.44,466.088,7414.53,466.088,6882.52,466.088,6320.56,466.088,6360.69,466.088,7504.88,466.088,7936.64,466.088,6290.46,466.088,6360.69,,,,
467.074,11837,467.074,6812.26,467.074,8438.81,467.074,8227.88,467.074,6742.01,467.074,6842.37,467.074,7143.48,467.074,7414.53,467.074,7826.18,467.074,6370.73,467.074,6511.21,,,,
468.061,11867.1,468.061,6671.76,468.061,9423.44,468.061,8237.92,468.061,7474.76,468.061,7073.22,468.061,6752.05,468.061,8418.72,468.061,8278.1,468.061,6410.86,468.061,6711.91,,,,
469.047,11816.8,469.047,7524.96,469.047,9674.71,469.047,8619.62,469.047,7796.06,469.047,7404.49,469.047,7414.53,469.047,8659.8,469.047,8418.72,469.047,6731.98,469.047,7043.11,,,,
470.033,11414.4,470.033,7474.76,470.033,9292.8,470.033,8840.64,470.033,8137.49,470.033,7213.75,470.033,8227.88,470.033,8278.1,470.033,8720.08,470.033,6922.67,470.033,7926.6,,,,
471.02,11615.6,471.02,7876.39,471.02,10298,471.02,9091.83,471.02,8107.36,471.02,8107.36,471.02,7886.43,471.02,8489.03,471.02,9121.97,471.02,7524.96,471.02,8147.53,,,,
472.006,12541.5,472.006,8278.1,472.006,9875.74,472.006,9001.4,472.006,8247.97,472.006,8077.23,472.006,8398.63,472.006,9624.45,472.006,9966.22,472.006,7725.77,472.006,8589.49,,,,
472.993,13175.8,472.993,7816.14,472.993,10167.3,472.993,8649.76,472.993,8298.19,472.993,8067.19,472.993,8298.19,472.993,9875.74,472.993,10368.4,472.993,8057.15,472.993,9704.86,,,,
473.979,12974.4,473.979,8509.12,473.979,10710.3,473.979,8730.13,473.979,8941.11,473.979,8629.67,473.979,8438.81,473.979,9976.27,473.979,10710.3,473.979,9182.26,473.979,10207.5,,,,
474.965,12843.5,474.965,8569.39,474.965,9976.27,474.965,9423.44,474.965,9212.41,474.965,8800.45,474.965,8710.04,474.965,10046.6,474.965,11384.2,474.965,9192.31,474.965,9996.38,,,,
475.952,12380.4,475.952,8961.21,475.952,10770.6,475.952,9443.54,475.952,9513.9,475.952,9604.35,475.952,9926.01,475.952,10800.8,475.952,10660,475.952,9453.59,475.952,11434.5,,,,
476.938,13155.6,476.938,8730.13,476.938,10358.3,476.938,9805.38,476.938,8931.06,476.938,9694.81,476.938,9915.95,476.938,11686,476.938,11434.5,476.938,9946.11,476.938,11183,,,,
477.925,12692.5,477.925,8921.02,477.925,10177.3,477.925,9513.9,477.925,8991.35,477.925,9885.8,477.925,10177.3,477.925,12068.4,477.925,12611.9,477.925,11052.2,477.925,11736.3,,,,
478.911,12742.8,478.911,8599.53,478.911,11183,478.911,10448.8,478.911,9926.01,478.911,11072.3,478.911,10217.6,478.911,12994.5,478.911,13236.2,478.911,12088.5,478.911,12430.7,,,,
479.897,13165.7,479.897,10076.8,479.897,11374.1,479.897,11032.1,479.897,10458.9,479.897,11444.6,479.897,10961.7,479.897,12340.2,479.897,12903.9,479.897,12793.2,479.897,13931.1,,,,
480.884,13437.6,480.884,10901.4,480.884,11796.7,480.884,11122.6,480.884,11354,480.884,11122.6,480.884,12259.6,480.884,13528.2,480.884,13820.3,480.884,13306.7,480.884,14354.3,,,,
482.117,14586.1,482.117,11716.2,482.117,12843.5,482.117,12269.7,482.117,12299.9,482.117,12773,482.117,13437.6,482.117,15664.6,482.117,16269.7,482.117,14787.6,482.117,16148.7,,,,
483.103,14455.1,483.103,11515,483.103,13155.6,483.103,12430.7,483.103,13075.1,483.103,12944.2,483.103,14122.6,483.103,16239.4,483.103,16794.2,483.103,15281.5,483.103,17086.8,,,,
484.09,14616.3,484.09,12320,484.09,13759.9,484.09,12843.5,484.09,13508.1,484.09,14465.1,484.09,14183,484.09,16632.8,484.09,16572.3,484.09,16612.7,484.09,17571.3,,,,
485.076,15261.3,485.076,13608.8,485.076,13911,485.076,13820.3,485.076,13618.9,485.076,13679.3,485.076,14948.9,485.076,17611.6,485.076,17480.4,485.076,17712.6,485.076,19237.3,,,,
486.062,15483.1,486.062,14031.9,486.062,14314,486.062,14344.2,486.062,13991.6,486.062,15221,486.062,17066.7,486.062,18096.2,486.062,18318.3,486.062,17641.9,486.062,20146.7,,,,
487.049,15916.7,487.049,13780,487.049,15362.2,487.049,14979.1,487.049,14878.3,487.049,16622.7,487.049,17147.4,487.049,19196.9,487.049,20116.4,487.049,17975,487.049,20854.3,,,,
488.035,16078.1,488.035,14475.2,488.035,15251.3,488.035,14485.3,488.035,15594,488.035,15674.7,488.035,18429.4,488.035,20005.2,488.035,20419.6,488.035,20298.3,488.035,21724,,,,
489.022,16219.3,489.022,15352.1,489.022,15059.7,489.022,15342,489.022,15694.9,489.022,16814.4,489.022,17944.7,489.022,20611.7,489.022,21107.1,489.022,21066.6,489.022,22867.3,,,,
490.008,16935.5,490.008,14495.4,490.008,16128.5,490.008,15362.2,490.008,16552.1,490.008,17763,490.008,18570.7,490.008,21440.8,490.008,22897.7,490.008,21855.5,490.008,24771,,,,
490.994,17288.7,490.994,15251.3,490.994,16653,490.994,16229.4,490.994,16370.6,490.994,18318.3,490.994,18792.9,490.994,21896,490.994,23383.6,490.994,23818.9,490.994,25399.3,,,,
491.981,17016.2,491.981,16360.5,491.981,17086.8,491.981,16552.1,491.981,17480.4,491.981,19762.7,491.981,20257.9,491.981,23322.8,491.981,23616.4,491.981,24386.1,491.981,27447.5,,,,
492.967,17339.1,492.967,16400.8,492.967,17218,492.967,16199.1,492.967,18590.9,492.967,20733,492.967,20925.1,492.967,23869.6,492.967,23970.8,492.967,24943.3,492.967,27731.6,,,,
493.954,18853.5,493.954,16925.4,493.954,17248.3,493.954,17833.7,493.954,18984.8,493.954,21633,493.954,23140.6,493.954,25196.6,493.954,26037.8,493.954,27072.2,493.954,29203.4,,,,
494.94,17975,494.94,17399.7,494.94,17843.8,494.94,17934.6,494.94,19277.7,494.94,21289.1,494.94,22735.8,494.94,26737.5,494.94,27508.4,494.94,27812.8,494.94,30005.8,,,,
495.926,19005,495.926,18439.4,495.926,18570.7,495.926,18984.8,495.926,20278.1,495.926,21865.6,495.926,24173.4,495.926,27863.5,495.926,27214.2,495.926,28218.7,495.926,32740.4,,,,
496.913,19590.9,496.913,18449.5,496.913,19520.2,496.913,20419.6,496.913,20955.4,496.913,22563.7,496.913,25075,496.913,27538.8,496.913,28594.2,496.913,31377.7,496.913,31509.9,,,,
497.899,19277.7,497.899,20773.4,497.899,19924.4,497.899,21157.6,497.899,20601.6,497.899,24122.7,497.899,26605.6,497.899,29802.6,497.899,29975.3,497.899,31662.4,497.899,32506.5,,,,
498.886,21046.4,498.886,19429.3,498.886,20166.9,498.886,20915,498.886,22998.9,498.886,25824.9,498.886,26524.5,498.886,29457.3,498.886,32323.4,498.886,32659,498.886,37079.1,,,,
500.119,21501.5,500.119,21056.5,500.119,20955.4,500.119,22452.4,500.119,24062,500.119,25500.6,500.119,27122.9,500.119,31113.4,500.119,31479.4,500.119,32862.5,500.119,36069.9,,,,
501.105,20783.5,501.105,21198.1,501.105,21329.5,501.105,21420.6,501.105,23302.6,501.105,26950.4,501.105,29244,501.105,32272.5,501.105,32537,501.105,33686.8,501.105,38180.5,,,,
502.091,22654.8,502.091,21693.6,502.091,22584,502.091,23981,502.091,25297.9,502.091,28787.1,502.091,30432.5,502.091,32638.7,502.091,33412,502.091,36487.8,502.091,39844.2,,,,
503.078,21794.8,503.078,22928.1,503.078,23383.6,503.078,23363.3,503.078,25247.2,503.078,29782.3,503.078,31560.7,503.078,34002.3,503.078,35122.4,503.078,36304.3,503.078,41141.3,,,,
504.064,23322.8,504.064,23474.7,504.064,23555.7,504.064,24862.2,504.064,27001.2,504.064,29487.8,504.064,31875.9,504.064,35387.3,504.064,36243.2,504.064,39834,504.064,43267.7,,,,
505.051,24254.4,505.051,24376,505.051,24183.5,505.051,24923,505.051,27721.4,505.051,30950.8,505.051,31896.2,505.051,34460.5,505.051,37813.3,505.051,39058.1,505.051,44249.9,,,,
506.037,24213.9,506.037,24254.4,506.037,24841.9,506.037,25733.7,506.037,28401.4,506.037,31652.2,506.037,33585,506.037,37670.5,506.037,40028,506.037,41550.1,506.037,43523.5,,,,
507.023,25845.2,507.023,25368.8,507.023,27264.9,507.023,27082.3,507.023,29244,507.023,33432.3,507.023,34633.6,507.023,37966.3,507.023,40293.5,507.023,42603,507.023,47589,,,,
508.01,25906,508.01,24457,508.01,26605.6,508.01,28340.5,508.01,29701,508.01,33554.4,508.01,37283,508.01,39323.5,508.01,41631.8,508.01,44403.5,508.01,48994,,,,
508.996,27396.8,508.996,26767.9,508.996,28370.9,508.996,30168.3,508.996,30686.5,508.996,34032.8,508.996,37792.9,508.996,40426.3,508.996,43707.6,508.996,46123.6,508.996,50122.8,,,,
509.983,27173.6,509.983,28553.6,509.983,28249.1,509.983,29680.7,509.983,32231.8,509.983,35805,509.983,39446,509.983,42684.8,509.983,45283.8,509.983,47261,509.983,50779.9,,,,
510.969,28817.6,510.969,28827.7,510.969,28837.9,510.969,31326.9,510.969,33208.4,510.969,36355.3,510.969,40518.2,510.969,45314.6,510.969,46369.5,510.969,48706.8,510.969,53513.1,,,,
511.955,28980,511.955,30117.5,511.955,30005.8,511.955,31601.4,511.955,34491,511.955,36885.3,511.955,39333.7,511.955,45632,511.955,47373.8,511.955,50636.1,511.955,54325.6,,,,
512.942,29680.7,512.942,29640.1,512.942,32130.1,512.942,32109.8,512.942,34592.8,512.942,38476.4,512.942,42418.9,512.942,45550.1,512.942,48153,512.942,51591.2,512.942,55292.8,,,,
513.928,30940.6,513.928,31631.9,513.928,31479.4,513.928,32150.5,513.928,35122.4,513.928,40017.8,513.928,42347.4,513.928,45560.3,513.928,49353.1,513.928,53143,513.928,57156.6,,,,
514.915,31265.9,514.915,31530.2,514.915,31154.1,514.915,33778.4,514.915,35937.4,514.915,41836.3,514.915,43912.3,514.915,46912.6,514.915,49517.3,514.915,54407.9,514.915,59156.1,,,,
515.901,30391.9,515.901,32943.9,515.901,32954.1,515.901,33981.9,515.901,37099.5,515.901,41856.7,515.901,44260.2,515.901,47619.8,515.901,52197.4,515.901,55395.8,515.901,58733.4,,,,
516.887,32181,516.887,32506.5,516.887,33208.4,516.887,34990,516.887,38313.2,516.887,42234.9,516.887,46840.8,516.887,49671.2,516.887,52279.6,516.887,56950.5,516.887,61395.2,,,,
518.12,33656.2,518.12,34674.3,518.12,34175.4,518.12,36324.7,518.12,39823.7,518.12,46963.8,518.12,49127.4,518.12,52598.2,518.12,55889.9,518.12,59692.5,518.12,63936.6,,,,
519.107,33900.5,519.107,35692.9,519.107,35550.3,519.107,37272.8,519.107,41049.4,519.107,45140.5,519.107,48563.2,519.107,52680.4,519.107,56425.3,519.107,60414.6,519.107,66512.3,,,,
520.093,34226.3,520.093,36650.9,520.093,37568.5,520.093,38558.1,520.093,41100.5,520.093,45120,520.093,50400,520.093,53739.4,520.093,57074.2,520.093,62593.1,520.093,66636.5,,,,
521.08,35203.9,521.08,37364.6,521.08,37996.9,521.08,38813.2,521.08,42408.7,521.08,47999.1,521.08,52033,521.08,55848.7,521.08,58197.3,521.08,63430.1,521.08,66957.4,,,,
522.066,35621.6,522.066,36844.6,522.066,37119.8,522.066,38690.7,522.066,42459.8,522.066,49127.4,522.066,54284.5,522.066,56631.2,522.066,57898.4,522.066,64474.2,522.066,66884.9,,,,
523.052,35326.1,523.052,37772.5,523.052,37721.5,523.052,40252.6,523.052,41519.4,523.052,51077.7,523.052,54037.6,523.052,57383.2,523.052,60920.3,523.052,64991.3,523.052,68645.7,,,,
524.039,36120.9,524.039,39119.3,524.039,37741.9,524.039,41243.5,524.039,44884.5,524.039,49435.2,524.039,53677.7,524.039,59331.5,524.039,62810.1,524.039,65736.1,524.039,68759.7,,,,
525.025,37446.2,525.025,39874.8,525.025,38078.5,525.025,41325.3,525.025,45898.3,525.025,49414.7,525.025,53585.1,525.025,58898.3,525.025,63636.8,525.025,66491.6,525.025,71269.1,,,,
526.012,38364.2,526.012,38088.7,526.012,40028,526.012,41274.2,526.012,46810.1,526.012,49414.7,526.012,54984.1,526.012,59971,526.012,63264.7,526.012,67993,526.012,72379.7,,,,
526.998,38129.5,526.998,39650.2,526.998,38629.5,526.998,43083.6,526.998,46082.7,526.998,52104.9,526.998,56744.5,526.998,60249.5,526.998,65601.6,526.998,68241.6,526.998,72390,,,,
527.984,38629.5,527.984,39640,527.984,40988.1,527.984,42787.1,527.984,47261,527.984,52844.9,527.984,57383.2,527.984,60724.2,527.984,65839.6,527.984,67423.4,527.984,73179.2,,,,
528.971,39680.8,528.971,41110.7,528.971,40916.6,528.971,41662.5,528.971,46441.2,528.971,53811.3,528.971,58104.6,528.971,60125.7,528.971,64484.5,528.971,69443.8,528.971,71414.4,,,,
529.957,37813.3,529.957,40773.6,529.957,40630.5,529.957,43799.7,529.957,47086.8,529.957,53667.4,529.957,57960.3,529.957,61240.3,529.957,63667.8,529.957,69360.9,529.957,73459.7,,,,
530.944,39078.5,530.944,40559,530.944,41192.4,530.944,44864.1,530.944,47004.8,530.944,53708.5,530.944,57032.9,530.944,62396.9,530.944,64670.7,530.944,70719.3,530.944,74374,,,,
531.93,39497,531.93,42163.4,531.93,40977.9,531.93,43339.3,531.93,46994.6,531.93,53903.9,531.93,58599.4,531.93,62944.4,531.93,65839.6,531.93,70283.6,531.93,74904,,,,
532.916,40426.3,532.916,43410.9,532.916,42091.8,532.916,43370,532.916,48132.4,532.916,53564.5,532.916,57743.9,532.916,61787.5,532.916,65943,532.916,71103.1,532.916,73522,,,,
533.903,39721.6,533.903,41253.7,533.903,42306.5,533.903,45386.2,533.903,48358.1,533.903,54778.3,533.903,59145.8,533.903,62572.5,533.903,66553.7,533.903,71570,533.903,73927.2,,,,
534.889,40548.8,534.889,42306.5,534.889,42275.8,534.889,44976.7,534.889,48183.7,534.889,55148.7,534.889,58558.1,534.889,62427.9,534.889,66936.7,534.889,71113.5,534.889,75475.9,,,,
536.122,41887.4,536.122,40998.3,536.122,42797.3,536.122,44946,536.122,47763.3,536.122,52608.5,536.122,57671.7,536.122,62861.8,536.122,67102.4,536.122,71040.9,536.122,73958.3,,,,
537.109,42061.1,537.109,40722.5,537.109,43431.4,537.109,46164.6,537.109,50215.2,537.109,53235.5,537.109,58692.1,537.109,62696.5,537.109,66512.3,537.109,70252.5,537.109,72981.9,,,,
538.095,42367.8,538.095,41488.8,538.095,43830.4,538.095,45007.4,538.095,48973.5,538.095,53019.6,538.095,58114.9,538.095,64474.2,538.095,66802.1,538.095,70200.7,538.095,72317.4,,,,
539.081,42960.9,539.081,41836.3,539.081,44024.8,539.081,45867.6,539.081,48511.9,539.081,52937.4,539.081,57589.3,539.081,62779.1,539.081,65870.6,539.081,71694.6,539.081,75975,,,,
540.068,42511,540.068,44024.8,540.068,43799.7,540.068,45908.5,540.068,47599.3,540.068,54078.8,540.068,58465.3,540.068,63306.1,540.068,67216.3,540.068,71113.5,540.068,73864.8,,,,
541.054,42163.4,541.054,41396.8,541.054,44342.1,541.054,46123.6,541.054,48552.9,541.054,53173.8,541.054,58176.7,541.054,62706.8,541.054,66098.3,541.054,69091.4,541.054,73168.8,,,,
542.041,40937,542.041,41979.4,542.041,42102,542.041,45806.1,542.041,49301.8,542.041,52043.3,542.041,57939.7,542.041,61529.4,542.041,64350.1,542.041,69516.4,542.041,73709,,,,
543.027,41376.4,543.027,41764.7,543.027,43104.1,543.027,45939.3,543.027,47988.9,543.027,53739.4,543.027,58248.9,543.027,63419.8,543.027,65446.4,543.027,69060.3,543.027,72369.3,,,,
544.013,40599.9,544.013,41243.5,544.013,42429.2,544.013,45806.1,544.013,48727.3,544.013,53831.9,544.013,58516.9,544.013,61674,544.013,63853.9,544.013,69537.1,544.013,72140.9,,,,
545,39752.3,545,41580.7,545,44014.6,545,46349,545,47394.3,545,53369.2,545,57321.4,545,61880.5,545,66357,545,70003.6,545,72763.8,,,,
545.986,41264,545.986,42030.5,545.986,41815.8,545.986,43830.4,545.986,46830.6,545.986,52999.1,545.986,58857.1,545.986,61859.8,545.986,65643,545.986,70262.9,545.986,72774.2,,,,
546.973,40865.5,546.973,41284.4,546.973,43308.7,546.973,44342.1,546.973,47025.3,546.973,51344.7,546.973,58527.2,546.973,61199,546.973,64091.6,546.973,69008.4,546.973,71995.6,,,,
547.959,39731.8,547.959,40865.5,547.959,42142.9,547.959,44731,547.959,47107.3,547.959,52300.1,547.959,55961.9,547.959,61570.7,547.959,64660.3,547.959,68915.2,547.959,71123.9,,,,
548.945,40140.3,548.945,41304.8,548.945,42214.5,548.945,44587.7,548.945,48542.7,548.945,51991.9,548.945,57197.8,548.945,60548.8,548.945,64350.1,548.945,66957.4,548.945,70708.9,,,,
549.932,40160.7,549.932,40702,549.932,41958.9,549.932,44526.3,549.932,47414.8,549.932,50862,549.932,55107.6,549.932,60476.6,549.932,63006.4,549.932,67392.3,549.932,69060.3,,,,
550.918,40589.7,550.918,39599.1,550.918,41386.6,550.918,45232.6,550.918,47722.3,550.918,50625.8,550.918,56518,550.918,60476.6,550.918,62582.8,550.918,65343,550.918,69900,,,,
551.905,39619.5,551.905,40916.6,551.905,41754.5,551.905,44311.3,551.905,45488.6,551.905,50625.8,551.905,56713.6,551.905,59630.6,551.905,64836.1,551.905,65063.7,551.905,67765.1,,,,
552.891,40201.6,552.891,39966.7,552.891,40191.4,552.891,43983.9,552.891,46922.8,552.891,51971.3,552.891,55529.6,552.891,57919,552.891,60167,552.891,66408.8,552.891,69557.8,,,,
553.877,38905,553.877,39885,553.877,39997.3,553.877,44649.1,553.877,47660.8,553.877,49702,553.877,53184.1,553.877,58217.9,553.877,60249.5,553.877,65539.5,553.877,67661.6,,,,
555.11,39578.7,555.11,39966.7,555.11,40099.4,555.11,43349.6,555.11,46420.7,555.11,51724.8,555.11,55859,555.11,60280.5,555.11,61808.2,555.11,66988.5,555.11,67630.5,,,,
556.097,38445.8,556.097,40201.6,556.097,39966.7,556.097,41866.9,556.097,44014.6,556.097,50441,556.097,56209,556.097,58929.3,556.097,62675.8,556.097,66367.4,556.097,68345.3,,,,
557.083,39650.2,557.083,40508,557.083,40344.5,557.083,42654.1,557.083,45642.2,557.083,50933.9,557.083,54922.4,557.083,57475.9,557.083,59475.8,557.083,63802.2,557.083,65684.4,,,,
558.07,39772.7,558.07,38007.1,558.07,40079,558.07,42511,558.07,45468.2,558.07,49773.8,558.07,55931,558.07,57929.4,558.07,61508.8,558.07,63213.1,558.07,66543.3,,,,
559.056,39017.3,559.056,37925.5,559.056,40252.6,559.056,41672.7,559.056,45847.1,559.056,48737.5,559.056,53605.7,559.056,56868.1,559.056,61044.2,559.056,64908.5,559.056,66481.2,,,,
560.042,38221.4,560.042,37527.7,560.042,40559,560.042,41509.2,560.042,44209,560.042,47906.9,560.042,52803.8,560.042,56353.2,560.042,58867.4,560.042,63605.8,560.042,63368.1,,,,
561.029,37517.5,561.029,37497.1,561.029,40232.2,561.029,41539.9,561.029,43267.7,561.029,47004.8,561.029,53780.5,561.029,55025.3,561.029,59919.4,561.029,61808.2,561.029,62180,,,,
562.015,38007.1,562.015,37089.3,562.015,39701.2,562.015,41437.7,562.015,43206.4,562.015,47681.3,562.015,51396,562.015,55560.4,562.015,56940.2,562.015,62076.7,562.015,61777.2,,,,
563.002,37130,563.002,37680.7,563.002,38466.2,563.002,40028,563.002,42347.4,563.002,47988.9,563.002,51467.9,563.002,54747.4,563.002,57239,563.002,61539.7,563.002,61901.1,,,,
563.988,36650.9,563.988,36436.8,563.988,38547.8,563.988,40048.4,563.988,42572.3,563.988,46625.6,563.988,50143.3,563.988,55272.2,563.988,56631.2,563.988,60074.1,563.988,60910,,,,
564.974,37089.3,564.974,35448.4,564.974,37119.8,564.974,39864.6,564.974,41662.5,564.974,46133.9,564.974,51560.4,564.974,53903.9,564.974,56023.7,564.974,57506.9,564.974,60187.6,,,,
565.961,36742.6,565.961,35580.8,565.961,38037.7,565.961,37792.9,565.961,40313.9,565.961,46533.4,565.961,50030.4,565.961,51046.8,565.961,56167.8,565.961,57208.1,565.961,59517.1,,,,
566.947,36467.4,566.947,34419.7,566.947,36538.7,566.947,40170.9,566.947,40722.5,566.947,44925.5,566.947,48542.7,566.947,50708,566.947,54191.9,566.947,57651.1,566.947,58166.4,,,,
567.934,36141.3,567.934,36131.1,567.934,36752.8,567.934,37915.3,567.934,39874.8,567.934,43042.7,567.934,49886.7,567.934,52166.6,567.934,53687.9,567.934,58630.3,567.934,56765.1,,,,
568.92,36365.5,568.92,33249.1,568.92,34827,568.92,38384.6,568.92,39435.8,568.92,43349.6,568.92,48819.6,568.92,51108.5,568.92,53091.6,568.92,55509,568.92,57115.4,,,,
569.906,35142.8,569.906,34664.1,569.906,35183.5,569.906,37548.1,569.906,39711.4,569.906,43145,569.906,47015.1,569.906,49814.9,569.906,55704.6,569.906,54798.9,569.906,56888.7,,,,
570.893,34796.5,570.893,33055.8,570.893,36436.8,570.893,37894.9,570.893,38813.2,570.893,40906.4,570.893,48204.2,570.893,49065.8,570.893,52125.5,570.893,51971.3,570.893,54757.7,,,,
571.879,34419.7,571.879,33066,571.879,35957.8,571.879,37262.6,571.879,38180.5,571.879,42378.1,571.879,46871.6,571.879,48296.5,571.879,52259,571.879,52156.3,571.879,53040.2,,,,
573.112,33391.6,573.112,31011.8,573.112,34511.4,573.112,35275.2,573.112,37599.1,573.112,40201.6,573.112,43953.2,573.112,47404.5,573.112,47804.3,573.112,50276.8,573.112,51848,,,,
574.099,33381.4,574.099,30717,574.099,35040.9,574.099,35051.1,574.099,36192.2,574.099,38874.4,574.099,43308.7,574.099,46666.6,574.099,47732.6,574.099,50574.5,574.099,49424.9,,,,
575.085,34012.5,575.085,29782.3,575.085,34653.9,575.085,35886.5,575.085,36793.6,575.085,38629.5,575.085,42838.2,575.085,45068.8,575.085,47558.3,575.085,49517.3,575.085,49117.1,,,,
576.071,32862.5,576.071,28797.3,576.071,33116.9,576.071,34226.3,576.071,34969.6,576.071,38649.9,576.071,43267.7,576.071,44116.9,576.071,47988.9,576.071,48676,576.071,48624.7,,,,
577.058,32770.9,577.058,29670.6,577.058,33340.7,577.058,33839.4,577.058,35489.1,577.058,37599.1,577.058,41826,577.058,43625.8,577.058,46820.3,577.058,48009.4,577.058,47742.8,,,,
578.044,34277.2,578.044,28127.3,578.044,33483.2,578.044,33249.1,578.044,34572.5,578.044,36508.2,578.044,41304.8,578.044,43503,578.044,45847.1,578.044,46912.6,578.044,47742.8,,,,
579.031,32435.3,579.031,26940.3,579.031,32384.4,579.031,32760.8,579.031,33320.4,579.031,35998.6,579.031,40426.3,579.031,42040.7,579.031,45263.4,579.031,46297.8,579.031,46092.9,,,,
580.017,32526.8,580.017,28259.3,580.017,32587.8,580.017,32303,580.017,33676.6,580.017,36171.8,580.017,38915.2,580.017,42562.1,580.017,44444.4,580.017,46810.1,580.017,45734.4,,,,
581.003,31652.2,581.003,26838.9,581.003,31123.6,581.003,32231.8,581.003,32770.9,581.003,35672.5,581.003,38537.6,581.003,41161.8,581.003,42572.3,581.003,45417,581.003,43789.5,,,,
581.99,31530.2,581.99,26281.1,581.99,31133.7,581.99,31601.4,581.99,32303,581.99,35611.4,581.99,38496.8,581.99,39313.3,581.99,42449.6,581.99,43994.1,581.99,43329.1,,,,
582.976,31204.9,582.976,25510.7,582.976,30534.1,582.976,30666.2,582.976,31814.9,582.976,34165.2,582.976,37894.9,582.976,40589.7,582.976,42091.8,582.976,42572.3,582.976,42868.9,,,,
583.963,31642,583.963,25206.7,583.963,30696.7,583.963,31682.7,583.963,31164.2,583.963,34073.6,583.963,37925.5,583.963,39435.8,583.963,40548.8,583.963,43185.9,583.963,42326.9,,,,
584.949,30940.6,584.949,25531,584.949,30950.8,584.949,29762,584.949,32384.4,584.949,33676.6,584.949,35896.7,584.949,38180.5,584.949,40119.9,584.949,42296.3,584.949,39384.7,,,,
585.935,30605.2,585.935,25885.8,585.935,29122.2,585.935,28716.1,585.935,29853.4,585.935,32008.1,585.935,36100.5,585.935,39415.4,585.935,40293.5,585.935,39813.5,585.935,41110.7,,,,
586.922,29680.7,586.922,23798.7,586.922,28716.1,586.922,28888.7,586.922,29173,586.922,32191.2,586.922,35326.1,586.922,36987.3,586.922,39844.2,586.922,40119.9,586.922,40385.4,,,,
587.908,29558.9,587.908,23565.8,587.908,28573.9,587.908,27883.8,587.908,28655.2,587.908,32475.9,587.908,34246.6,587.908,35937.4,587.908,38088.7,587.908,39027.5,587.908,38211.2,,,,
588.895,28969.9,588.895,23626.6,588.895,28066.4,588.895,28005.6,588.895,28929.3,588.895,30737.4,588.895,33920.9,588.895,35122.4,588.895,37293.2,588.895,39282.7,588.895,37894.9,,,,
589.881,28584.1,589.881,22270.3,589.881,27538.8,589.881,28167.9,589.881,28442,589.881,31418.4,589.881,34307.7,589.881,34949.3,589.881,37670.5,589.881,37262.6,589.881,36773.2,,,,
591.114,27538.8,591.114,23353.2,591.114,26514.4,591.114,27234.5,591.114,28249.1,591.114,29406.5,591.114,33004.9,591.114,35794.8,591.114,38037.7,591.114,38527.4,591.114,38058.1,,,,
592.1,27264.9,592.1,24092.4,592.1,27528.7,592.1,25784.4,592.1,28969.9,592.1,29741.7,592.1,32740.4,592.1,34725.2,592.1,37629.7,592.1,37323.8,592.1,34368.8,,,,
593.087,25835.1,593.087,22988.8,593.087,27011.3,593.087,26737.5,593.087,26676.6,593.087,29944.8,593.087,32231.8,593.087,34633.6,593.087,35662.3,593.087,36192.2,593.087,34928.9,,,,
594.073,27488.1,594.073,21612.7,594.073,26402.8,594.073,26565.1,594.073,26899.7,594.073,28837.9,594.073,31804.7,594.073,33350.9,594.073,35733.6,594.073,34043,594.073,31835.2,,,,
595.06,25956.7,595.06,21734.1,595.06,24720.4,595.06,25389.1,595.06,26889.6,595.06,29173,595.06,31021.9,595.06,32577.7,595.06,33452.7,595.06,35173.3,595.06,33025.3,,,,
596.046,26565.1,596.046,21339.7,596.046,25348.6,596.046,25176.3,596.046,24517.8,596.046,26615.8,596.046,31286.2,596.046,32943.9,596.046,34317.9,596.046,34572.5,596.046,32181,,,,
597.032,25622.2,597.032,20844.2,597.032,24771,597.032,24021.5,597.032,24568.4,597.032,27112.7,597.032,29650.3,597.032,30188.7,597.032,33544.3,597.032,32557.3,597.032,32150.5,,,,
598.019,25987.1,598.019,20884.6,598.019,24679.8,598.019,25024.3,598.019,25764.1,598.019,27670.7,598.019,29284.7,598.019,31245.5,598.019,32689.6,598.019,33228.8,598.019,30645.9,,,,
599.005,26402.8,599.005,19287.8,599.005,24760.9,599.005,23100.1,599.005,23737.9,599.005,26260.9,599.005,28837.9,599.005,29132.3,599.005,30564.6,599.005,31113.4,599.005,29660.4,,,,
599.992,24153.1,599.992,19782.9,599.992,23211.5,599.992,23353.2,599.992,22685.2,599.992,25297.9,599.992,28746.5,599.992,29173,599.992,29894,599.992,31154.1,599.992,30361.4,,,,
600.978,24446.9,600.978,19126.2,600.978,22988.8,600.978,23252,600.978,22877.4,600.978,24517.8,600.978,27264.9,600.978,28827.7,600.978,30747.5,600.978,29741.7,600.978,29162.8,,,,
601.964,23272.2,601.964,19692,601.964,22260.2,601.964,22351.2,601.964,23049.5,601.964,23910.1,601.964,26027.7,601.964,28472.4,601.964,29416.7,601.964,29985.5,601.964,28645,,,,
602.951,23322.8,602.951,17884.2,602.951,21987,602.951,21531.8,602.951,22745.9,602.951,22664.9,602.951,26382.5,602.951,26362.3,602.951,27812.8,602.951,27995.4,602.951,27569.2,,,,
603.937,21562.2,603.937,16965.8,603.937,21076.7,603.937,20793.6,603.937,22756,603.937,22958.4,603.937,25622.2,603.937,26311.6,603.937,28188.2,603.937,27853.3,603.937,26463.7,,,,
604.924,22857.2,604.924,17329,604.924,20813.9,604.924,19934.5,604.924,21228.4,604.924,22381.6,604.924,25551.3,604.924,25379,604.924,27548.9,604.924,27883.8,604.924,25166.2,,,,
605.91,23039.4,605.91,15452.9,605.91,21289.1,605.91,19469.7,605.91,21097,605.91,22472.6,605.91,23009,605.91,26331.8,605.91,26189.9,605.91,26260.9,605.91,24538,,,,
606.896,21602.6,606.896,15624.3,606.896,19772.8,606.896,19611.1,606.896,20177,606.896,21855.5,606.896,23940.5,606.896,23434.2,606.896,26169.6,606.896,26565.1,606.896,24943.3,,,,
607.883,20540.9,607.883,15815.9,607.883,18631.3,607.883,19136.3,607.883,19207,607.883,21238.5,607.883,23211.5,607.883,24153.1,607.883,25085.1,607.883,25662.8,607.883,24771,,,,
609.116,20621.8,609.116,14676.8,609.116,19409.1,609.116,18227.4,609.116,17793.3,609.116,20460,609.116,22381.6,609.116,22604.2,609.116,23373.4,609.116,23940.5,609.116,22209.6,,,,
610.102,21663.3,610.102,14223.3,610.102,18429.4,610.102,18166.8,610.102,18924.2,610.102,18843.4,610.102,20975.6,610.102,21734.1,610.102,23363.3,610.102,22644.7,610.102,22290.5,,,,
611.089,20025.4,611.089,13639,611.089,18742.4,611.089,17329,611.089,17874.1,611.089,19621.2,611.089,20834.1,611.089,20702.7,611.089,22563.7,611.089,22847.1,611.089,21228.4,,,,
612.075,18994.9,612.075,14505.4,612.075,18055.8,612.075,17985.1,612.075,17985.1,612.075,18590.9,612.075,19782.9,612.075,21410.5,612.075,20904.9,612.075,21349.8,612.075,19732.4,,,,
613.061,18348.6,613.061,12984.4,613.061,17581.3,613.061,16895.1,613.061,17238.2,613.061,18378.9,613.061,19510.1,613.061,19995.1,613.061,20439.8,613.061,21501.5,613.061,20237.7,,,,
614.048,18893.9,614.048,12209.3,614.048,16703.4,614.048,16360.5,614.048,17571.3,614.048,18015.4,614.048,19075.7,614.048,19176.7,614.048,20207.3,614.048,20187.1,614.048,18914.1,,,,
615.034,18136.5,615.034,12611.9,615.034,16350.4,615.034,16017.6,615.034,16219.3,615.034,17702.5,615.034,18560.6,615.034,18924.2,615.034,19469.7,615.034,19671.8,615.034,19419.2,,,,
616.021,17510.7,616.021,12118.7,616.021,15967.1,616.021,16158.8,616.021,15876.4,616.021,17288.7,616.021,17228.1,616.021,19833.4,616.021,20045.6,616.021,20096.2,616.021,18368.8,,,,
617.007,17752.9,617.007,11213.2,617.007,15715,617.007,15412.6,617.007,15452.9,617.007,15503.3,617.007,17258.4,617.007,18540.4,617.007,18207.2,617.007,19580.8,617.007,17349.2,,,,
617.993,16955.7,617.993,11414.4,617.993,15291.6,617.993,15301.7,617.993,14031.9,617.993,15674.7,617.993,16431.1,617.993,18449.5,617.993,18055.8,617.993,18590.9,617.993,17369.4,,,,
618.98,15573.9,618.98,10961.7,618.98,14747.3,618.98,14314,618.98,13971.4,618.98,15170.6,618.98,15886.5,618.98,16824.5,618.98,17652,618.98,17975,618.98,15866.3,,,,
619.966,16441.2,619.966,10881.2,619.966,14162.9,619.966,13548.4,619.966,14485.3,619.966,15513.4,619.966,16673.2,619.966,16229.4,619.966,17056.6,619.966,17197.8,619.966,16047.8,,,,
620.953,16189,620.953,9926.01,620.953,14193.1,620.953,13437.6,620.953,14042,620.953,15422.6,620.953,14838,620.953,15412.6,620.953,16683.3,620.953,17096.9,620.953,15432.7,,,,
621.939,15422.6,621.939,9373.2,621.939,13548.4,621.939,12289.8,621.939,14031.9,621.939,14626.4,621.939,15291.6,621.939,15846.1,621.939,16148.7,621.939,16219.3,621.939,14717.1,,,,
622.925,14888.4,622.925,10277.9,622.925,13568.5,622.925,12561.6,622.925,12924,622.925,14263.6,622.925,14535.7,622.925,14989.2,622.925,15442.8,622.925,16219.3,622.925,14455.1,,,,
623.912,14767.5,623.912,9755.12,623.912,12370.4,623.912,12591.8,623.912,12048.3,623.912,14112.5,623.912,14193.1,623.912,15210.9,623.912,15422.6,623.912,15694.9,623.912,13588.7,,,,
624.898,13175.8,624.898,9001.4,624.898,12269.7,624.898,12179.1,624.898,11998,624.898,12813.3,624.898,13387.2,624.898,14555.8,624.898,14576,624.898,15473.1,624.898,13739.8,,,,
625.885,13467.8,625.885,8539.26,625.885,12531.4,625.885,11394.3,625.885,11736.3,625.885,12430.7,625.885,13115.3,625.885,14112.5,625.885,13759.9,625.885,14646.5,625.885,12944.2,,,,
627.118,12521.3,627.118,8519.17,627.118,11394.3,627.118,11394.3,627.118,11575.3,627.118,12722.7,627.118,12148.9,627.118,12903.9,627.118,13850.6,627.118,14445,627.118,12279.8,,,,
628.104,13165.7,628.104,7715.73,628.104,11052.2,628.104,10468.9,628.104,11756.5,628.104,12189.2,628.104,12450.9,628.104,13014.7,628.104,14193.1,628.104,13588.7,628.104,12259.6,,,,
629.09,13407.4,629.09,7775.97,629.09,10479,629.09,10086.9,629.09,10026.5,629.09,11796.7,629.09,11545.2,629.09,12491.1,629.09,13588.7,629.09,12652.2,629.09,11585.4,,,,
630.077,11927.5,630.077,7796.06,630.077,10358.3,630.077,10911.4,630.077,10117,630.077,11384.2,630.077,10649.9,630.077,11525,630.077,11665.9,630.077,12299.9,630.077,11565.3,,,,
631.063,11484.8,631.063,7233.83,631.063,10066.7,631.063,9865.69,631.063,9624.45,631.063,11203.1,631.063,11233.3,631.063,11595.5,631.063,12138.9,631.063,11967.8,631.063,10841,,,,
632.05,11303.7,632.05,6952.77,632.05,10137.1,632.05,8800.45,632.05,9574.2,632.05,10730.4,632.05,11243.4,632.05,10881.2,632.05,11082.4,632.05,11273.5,632.05,10388.5,,,,
633.036,11343.9,633.036,7043.11,633.036,9503.85,633.036,8840.64,633.036,9594.3,633.036,10267.8,633.036,10589.6,633.036,10871.2,633.036,12350.2,633.036,11122.6,633.036,10036.6,,,,
634.022,11112.6,634.022,5839.01,634.022,9101.88,634.022,8699.99,634.022,9202.36,634.022,10358.3,634.022,9885.8,634.022,10951.6,634.022,10187.4,634.022,11012,634.022,9674.71,,,,
635.009,10740.4,635.009,6139.97,635.009,8840.64,635.009,8448.85,635.009,8770.31,635.009,9554.1,635.009,9785.28,635.009,10991.9,635.009,9714.91,635.009,10690.2,635.009,9574.2,,,,
635.995,10348.3,635.995,6270.39,635.995,8499.08,635.995,8378.54,635.995,7826.18,635.995,9735.02,635.995,9312.9,635.995,9584.25,635.995,9584.25,635.995,10026.5,635.995,9564.15,,,,
636.982,9785.28,636.982,6310.53,636.982,8689.94,636.982,7494.84,636.982,7906.51,636.982,9443.54,636.982,8880.83,636.982,10318.1,636.982,10177.3,636.982,9413.39,636.982,8529.21,,,,
637.968,9162.17,637.968,6129.93,637.968,8057.15,637.968,8127.45,637.968,8047.11,637.968,9162.17,637.968,9433.49,637.968,9001.4,637.968,8579.44,637.968,9192.31,637.968,8438.81,,,,
638.954,9423.44,638.954,5969.42,638.954,7806.1,638.954,7243.87,638.954,8137.49,638.954,9101.88,638.954,8117.41,638.954,9051.63,638.954,9212.41,638.954,8699.99,638.954,8609.58,,,,
639.941,8639.71,639.941,5798.89,639.941,7615.32,639.941,7073.22,639.941,7796.06,639.941,8308.23,639.941,8800.45,639.941,8187.71,639.941,8529.21,639.941,9091.83,639.941,7223.79,,,,
640.927,8921.02,640.927,4996.6,640.927,7213.75,640.927,7063.18,640.927,7093.3,640.927,7976.81,640.927,7334.21,640.927,7976.81,640.927,8308.23,640.927,8800.45,640.927,6892.56,,,,
641.914,8197.75,641.914,5066.79,641.914,7344.25,641.914,6782.16,641.914,6661.73,641.914,8087.28,641.914,7314.14,641.914,7936.64,641.914,8268.06,641.914,8619.62,641.914,6501.17,,,,
642.9,7996.89,642.9,4685.81,642.9,6471.07,642.9,6561.38,642.9,6481.1,642.9,7153.52,642.9,7775.97,642.9,7504.88,642.9,7846.26,642.9,7454.68,642.9,6862.45,,,,
643.886,7725.77,643.886,4435.2,643.886,6230.26,643.886,6190.13,643.886,6009.55,643.886,6731.98,643.886,7294.06,643.886,7424.56,643.886,7083.26,643.886,7695.65,643.886,6611.55,,,,
645.119,7645.44,645.119,4385.09,645.119,6440.97,645.119,6190.13,645.119,6099.84,645.119,7133.45,645.119,6691.84,645.119,7615.32,645.119,7213.75,645.119,6852.41,645.119,6009.55,,,,
646.106,7474.76,646.106,4304.9,646.106,5919.26,646.106,5598.29,646.106,5728.68,646.106,6139.97,646.106,7033.07,646.106,6601.52,646.106,6972.85,646.106,6882.52,646.106,5758.77,,,,
647.092,7183.64,647.092,4074.39,647.092,5979.45,647.092,5668.5,647.092,5477.93,647.092,6129.93,647.092,5849.04,647.092,6129.93,647.092,6330.59,647.092,6832.34,647.092,5718.65,,,,
648.079,6551.34,648.079,3763.75,648.079,5678.53,648.079,5518.05,648.079,5558.17,648.079,5758.77,648.079,5317.48,648.079,6109.87,648.079,6139.97,648.079,5889.17,648.079,5678.53,,,,
649.065,6661.73,649.065,4004.24,649.065,5467.91,649.065,4665.76,649.065,5247.28,649.065,5818.95,649.065,5698.59,649.065,5999.52,649.065,6109.87,649.065,6059.71,649.065,5026.68,,,,
650.051,6481.1,650.051,3633.49,650.051,5297.42,650.051,4675.78,650.051,5106.9,650.051,5728.68,650.051,5919.26,650.051,5658.47,650.051,5518.05,650.051,5989.48,650.051,4665.76,,,,
651.038,5899.2,651.038,3633.49,651.038,5147.01,651.038,4395.11,651.038,5387.68,651.038,5387.68,651.038,5698.59,651.038,5397.7,651.038,5086.84,651.038,5798.89,651.038,4655.73,,,,
652.024,6320.56,652.024,3262.82,652.024,4896.34,652.024,4495.35,652.024,4916.39,652.024,5167.06,652.024,4886.31,652.024,5487.96,652.024,5327.51,652.024,5678.53,652.024,4675.78,,,,
653.011,5387.68,653.011,3082.51,653.011,4224.72,653.011,4425.18,653.011,4415.16,653.011,4896.34,653.011,4595.59,653.011,4856.24,653.011,5056.76,653.011,5126.95,653.011,4665.76,,,,
653.997,5678.53,653.997,3332.94,653.997,4605.61,653.997,4064.37,653.997,4896.34,653.997,4605.61,653.997,4224.72,653.997,4575.54,653.997,4886.31,653.997,4695.83,653.997,4134.52,,,,
654.983,5477.93,654.983,3002.39,654.983,4425.18,654.983,3964.16,654.983,3773.77,654.983,5016.66,654.983,4435.2,654.983,4515.39,654.983,4595.59,654.983,4806.11,654.983,4294.88,,,,
655.97,4776.03,655.97,2611.81,655.97,4415.16,655.97,3713.65,655.97,3944.12,655.97,4665.76,655.97,4344.99,655.97,4525.42,655.97,4334.97,655.97,4685.81,655.97,3934.09,,,,
656.956,5157.03,656.956,2561.74,656.956,3833.89,656.956,3783.79,656.956,3843.91,656.956,4294.88,656.956,3974.18,656.956,4154.57,656.956,4134.52,656.956,4344.99,656.956,3553.34,,,,
657.943,4846.21,657.943,2271.37,657.943,3924.07,657.943,3673.57,657.943,3793.81,657.943,4104.46,657.943,3924.07,657.943,4054.35,657.943,3743.71,657.943,4324.95,657.943,3443.14,,,,
658.929,4385.09,658.929,2721.96,658.929,3483.21,658.929,3222.75,658.929,3663.55,658.929,3663.55,658.929,3883.99,658.929,3914.05,658.929,3894.01,658.929,4134.52,658.929,3543.32,,,,
659.915,4916.39,659.915,2481.63,659.915,3102.55,659.915,3523.28,659.915,3272.83,659.915,3703.63,659.915,3332.94,659.915,3944.12,659.915,3533.3,659.915,3653.53,659.915,3002.39,,,,
660.902,4154.57,660.902,2421.55,660.902,3373.01,660.902,3463.17,660.902,3332.94,660.902,3513.27,660.902,3513.27,660.902,3473.19,660.902,3292.87,660.902,3302.89,660.902,2892.21,,,,
661.888,4204.68,661.888,2271.37,661.888,3072.5,661.888,2922.26,661.888,2972.34,661.888,3473.19,661.888,3373.01,661.888,3182.68,661.888,3553.34,661.888,3533.3,661.888,2822.11,,,,
663.121,3924.07,663.121,1981.04,663.121,2882.2,663.121,2691.92,663.121,3252.8,663.121,3914.05,663.121,3012.4,663.121,3483.21,663.121,3152.63,663.121,3413.08,663.121,2501.66,,,,
664.108,3683.59,664.108,1870.93,664.108,3032.43,664.108,2762.02,664.108,2862.17,664.108,2982.35,664.108,2701.93,664.108,2772.03,664.108,2942.29,664.108,3032.43,664.108,2421.55,,,,
665.094,3393.05,665.094,2141.21,665.094,3092.53,665.094,2792.06,665.094,2701.93,665.094,2772.03,665.094,3092.53,665.094,2952.31,665.094,2832.12,665.094,2721.96,665.094,2641.85,,,,
666.08,3583.4,666.08,1750.81,666.08,2822.11,666.08,2691.92,666.08,2351.46,666.08,2772.03,666.08,2952.31,666.08,2741.99,666.08,2461.6,666.08,2802.08,666.08,2361.48,,,,
667.067,3733.69,667.067,2101.17,667.067,2081.15,667.067,2701.93,667.067,3002.39,667.067,2942.29,667.067,2721.96,667.067,2451.59,667.067,2381.5,667.067,2371.49,667.067,2081.15,,,,
668.053,3032.43,668.053,1620.7,668.053,2641.85,668.053,2351.46,668.053,2711.95,668.053,2591.78,668.053,2591.78,668.053,2541.71,668.053,2621.82,668.053,2421.55,668.053,2001.06,,,,
669.04,2922.26,669.04,1570.65,669.04,2141.21,669.04,2121.19,669.04,2401.53,669.04,2601.79,669.04,2131.2,669.04,2521.68,669.04,1991.05,669.04,2301.4,669.04,2191.27,,,,
670.026,2922.26,670.026,1530.62,670.026,2311.41,670.026,2091.16,670.026,2471.62,670.026,2651.86,670.026,2221.31,670.026,2131.2,670.026,2121.19,670.026,2521.68,670.026,1850.91,,,,
671.012,2631.83,671.012,1280.43,671.012,2091.16,671.012,1830.89,671.012,2101.17,671.012,2211.29,671.012,2271.37,671.012,2251.34,671.012,2261.35,671.012,2331.44,671.012,1770.83,,,,
671.999,2812.09,671.999,1900.96,671.999,2251.34,671.999,1930.99,671.999,2051.11,671.999,2471.62,671.999,2101.17,671.999,2571.75,671.999,2001.06,671.999,2221.31,671.999,1890.95,,,,
672.985,2531.7,672.985,1360.49,672.985,1981.04,672.985,1720.78,672.985,1951.01,672.985,2511.67,672.985,1920.98,672.985,1951.01,672.985,2071.14,672.985,2221.31,672.985,1870.93,,,,
673.972,2381.5,673.972,1320.46,673.972,2121.19,673.972,1690.76,673.972,1961.02,673.972,2131.2,673.972,1660.73,673.972,1951.01,673.972,2251.34,673.972,1740.8,673.972,1500.6,,,,
674.958,2621.82,674.958,1190.38,674.958,1750.81,674.958,2141.21,674.958,1820.88,674.958,2191.27,674.958,1930.99,674.958,1690.76,674.958,1710.78,674.958,1700.77,674.958,1620.7,,,,
675.944,2371.49,675.944,1240.41,675.944,1780.84,675.944,1460.56,675.944,1961.02,675.944,2181.26,675.944,1860.92,675.944,1740.8,675.944,1770.83,675.944,1640.71,675.944,1380.5,,,,
676.931,2421.55,676.931,1110.33,676.931,1660.73,676.931,1540.63,676.931,1600.68,676.931,2151.23,676.931,1991.05,676.931,1840.9,676.931,1620.7,676.931,1770.83,676.931,1430.54,,,,
677.917,2401.53,677.917,1230.4,677.917,1520.61,677.917,1520.61,677.917,1480.58,677.917,2001.06,677.917,1690.76,677.917,1610.69,677.917,1460.56,677.917,1630.7,677.917,1250.41,,,,
678.904,1890.95,678.904,1140.34,678.904,1420.53,678.904,1340.48,678.904,1550.64,678.904,1610.69,678.904,1450.56,678.904,1510.6,678.904,1240.41,678.904,1510.6,678.904,1310.45,,,,
679.89,2001.06,679.89,860.196,679.89,1480.58,679.89,1330.47,679.89,1360.49,679.89,1400.52,679.89,1230.4,679.89,1500.6,679.89,1570.65,679.89,1370.5,679.89,1090.31,,,,
681.123,1800.86,681.123,880.205,681.123,1650.72,681.123,1500.6,681.123,1290.44,681.123,1670.74,681.123,1130.34,681.123,1400.52,681.123,1250.41,681.123,1350.48,681.123,1080.31,,,,
682.109,1550.64,682.109,960.244,682.109,1320.46,682.109,1560.65,682.109,1550.64,682.109,1510.6,682.109,1210.39,682.109,1110.33,682.109,1160.36,682.109,1220.39,682.109,980.255,,,,
683.096,1900.96,683.096,1090.31,683.096,1560.65,683.096,1290.44,683.096,1380.5,683.096,1510.6,683.096,1390.51,683.096,1050.29,683.096,1270.43,683.096,1510.6,683.096,810.174,,,,
684.082,1910.97,684.082,1110.33,684.082,1330.47,684.082,1240.41,684.082,1510.6,684.082,1460.56,684.082,1230.4,684.082,1040.29,684.082,1170.36,684.082,1080.31,684.082,820.178,,,,
685.069,1600.68,685.069,900.215,685.069,1160.36,685.069,1140.34,685.069,1070.3,685.069,1410.53,685.069,1180.37,685.069,1270.43,685.069,1210.39,685.069,1220.39,685.069,830.183,,,,
686.055,2021.08,686.055,830.183,686.055,1040.29,686.055,1180.37,686.055,1310.45,686.055,1370.5,686.055,1080.31,686.055,1050.29,686.055,850.191,686.055,1010.27,686.055,870.201,,,,
687.041,1720.78,687.041,780.161,687.041,1050.29,687.041,990.26,687.041,1110.33,687.041,1100.32,687.041,1080.31,687.041,1000.27,687.041,1030.28,687.041,1230.4,687.041,730.141,,,,
688.028,1440.55,688.028,960.244,688.028,1090.31,688.028,900.215,688.028,1140.34,688.028,1090.31,688.028,1130.34,688.028,1070.3,688.028,920.224,688.028,1170.36,688.028,650.112,,,,
689.014,1470.57,689.014,800.17,689.014,1060.3,689.014,860.196,689.014,1160.36,689.014,1230.4,689.014,1040.29,689.014,1000.27,689.014,700.13,689.014,1080.31,689.014,810.174,,,,
690.001,1450.56,690.001,590.092,690.001,900.215,690.001,850.191,690.001,910.219,690.001,1180.37,690.001,930.229,690.001,800.17,690.001,790.165,690.001,710.134,690.001,730.141,,,,
690.987,1390.51,690.987,690.126,690.987,970.249,690.987,760.153,690.987,840.187,690.987,1120.33,690.987,860.196,690.987,820.178,690.987,890.21,690.987,920.224,690.987,800.17,,,,
691.973,1150.35,691.973,540.077,691.973,1100.32,691.973,1000.27,691.973,1040.29,691.973,1170.36,691.973,830.183,691.973,760.153,691.973,760.153,691.973,810.174,691.973,460.056,,,,
692.96,1410.53,692.96,660.115,692.96,1140.34,692.96,990.26,692.96,930.229,692.96,1120.33,692.96,830.183,692.96,910.219,692.96,910.219,692.96,1020.28,692.96,670.119,,,,
693.946,1200.38,693.946,420.047,693.946,1030.28,693.946,840.187,693.946,880.205,693.946,1100.32,693.946,630.105,693.946,780.161,693.946,850.191,693.946,870.201,693.946,540.077,,,,
694.933,1210.39,694.933,540.077,694.933,930.229,694.933,920.224,694.933,880.205,694.933,1000.27,694.933,550.08,694.933,640.109,694.933,710.134,694.933,640.109,694.933,560.083,,,,
695.919,1210.39,695.919,600.095,695.919,1020.28,695.919,630.105,695.919,880.205,695.919,1010.27,695.919,680.123,695.919,760.153,695.919,680.123,695.919,860.196,695.919,520.072,,,,
696.905,1300.45,696.905,530.074,696.905,730.141,696.905,810.174,696.905,760.153,696.905,860.196,696.905,920.224,696.905,750.149,696.905,500.066,696.905,840.187,696.905,590.092,,,,
697.892,1100.32,697.892,650.112,697.892,760.153,697.892,790.165,697.892,740.145,697.892,700.13,697.892,780.161,697.892,790.165,697.892,840.187,697.892,530.074,697.892,430.049,,,,
698.878,950.239,698.878,560.083,698.878,810.174,698.878,690.126,698.878,730.141,698.878,1070.3,698.878,690.126,698.878,580.089,698.878,590.092,698.878,710.134,698.878,470.059,,,,
700.111,960.244,700.111,600.095,700.111,700.13,700.111,1170.36,700.111,800.17,700.111,860.196,700.111,550.08,700.111,570.086,700.111,700.13,700.111,610.099,700.111,540.077,,,,
,,701.098,560.083,701.098,760.153,701.098,800.17,,,701.098,760.153,701.098,560.083,701.098,660.115,701.098,430.049,701.098,570.086,701.098,460.056,,,,
,,702.084,600.095,702.084,650.112,702.084,720.137,,,702.084,870.201,702.084,640.109,702.084,610.099,702.084,700.13,702.084,570.086,702.084,300.024,,,,
,,703.07,460.056,703.07,680.123,703.07,660.115,,,703.07,1010.27,703.07,490.064,703.07,630.105,703.07,650.112,703.07,480.061,703.07,460.056,,,,
,,704.057,320.027,704.057,650.112,704.057,530.074,,,704.057,840.187,704.057,440.051,704.057,760.153,704.057,660.115,704.057,610.099,704.057,400.042,,,,
,,705.043,440.051,705.043,470.059,705.043,740.145,,,705.043,680.123,705.043,600.095,705.043,450.054,705.043,440.051,705.043,460.056,705.043,300.024,,,,
,,706.03,390.04,706.03,600.095,706.03,610.099,,,706.03,560.083,706.03,500.066,706.03,650.112,706.03,480.061,706.03,410.045,706.03,300.024,,,,
,,707.016,410.045,707.016,570.086,707.016,410.045,,,707.016,690.126,707.016,530.074,707.016,580.089,707.016,370.036,707.016,590.092,707.016,420.047,,,,
,,708.002,410.045,708.002,700.13,708.002,540.077,,,708.002,620.102,708.002,450.054,708.002,400.042,708.002,580.089,708.002,470.059,708.002,310.025,,,,
,,708.989,530.074,708.989,690.126,708.989,480.061,,,708.989,720.137,708.989,450.054,708.989,430.049,708.989,480.061,708.989,500.066,708.989,300.024,,,,
,,709.975,550.08,709.975,700.13,709.975,450.054,,,709.975,710.134,709.975,580.089,709.975,440.051,709.975,400.042,709.975,470.059,709.975,380.038,,,,
,,710.962,370.036,710.962,650.112,710.962,430.049,,,710.962,750.149,710.962,480.061,710.962,380.038,710.962,460.056,710.962,390.04,710.962,380.038,,,,
,,711.948,260.018,711.948,790.165,711.948,540.077,,,711.948,570.086,711.948,490.064,711.948,480.061,711.948,410.045,711.948,470.059,711.948,270.019,,,,
,,712.934,370.036,712.934,560.083,712.934,490.064,,,712.934,930.229,712.934,470.059,712.934,530.074,712.934,470.059,712.934,340.031,712.934,300.024,,,,
,,713.921,520.072,713.921,700.13,713.921,530.074,,,713.921,620.102,713.921,530.074,713.921,350.032,713.921,380.038,713.921,290.022,713.921,380.038,,,,
,,714.907,360.034,714.907,450.054,714.907,570.086,,,714.907,720.137,714.907,400.042,714.907,410.045,714.907,310.025,714.907,420.047,714.907,190.01,,,,
,,715.894,420.047,715.894,710.134,715.894,530.074,,,715.894,640.109,715.894,300.024,715.894,270.019,715.894,470.059,715.894,430.049,715.894,210.012,,,,
,,716.88,410.045,716.88,610.099,716.88,370.036,,,716.88,700.13,716.88,520.072,716.88,290.022,716.88,310.025,716.88,400.042,716.88,170.008,,,,
,,718.113,440.051,718.113,550.08,718.113,460.056,,,718.113,570.086,718.113,220.013,718.113,380.038,718.113,210.012,718.113,430.049,718.113,330.029,,,,
,,719.099,300.024,719.099,650.112,719.099,340.031,,,719.099,640.109,719.099,330.029,719.099,330.029,719.099,360.034,719.099,260.018,719.099,340.031,,,,
,,720.086,370.036,720.086,610.099,720.086,390.04,,,720.086,670.119,720.086,390.04,720.086,220.013,720.086,220.013,720.086,220.013,720.086,220.013,,,,
,,721.072,410.045,721.072,480.061,721.072,340.031,,,721.072,430.049,721.072,280.021,721.072,280.021,721.072,350.032,721.072,330.029,721.072,160.007,,,,
,,722.059,430.049,722.059,590.092,722.059,330.029,,,722.059,530.074,722.059,380.038,722.059,280.021,722.059,230.014,722.059,360.034,722.059,220.013,,,,
,,723.045,390.04,723.045,660.115,723.045,400.042,,,723.045,630.105,723.045,340.031,723.045,310.025,723.045,370.036,723.045,320.027,723.045,210.012,,,,
,,724.031,380.038,724.031,620.102,724.031,450.054,,,724.031,520.072,724.031,350.032,724.031,260.018,724.031,270.019,724.031,290.022,724.031,250.017,,,,
,,725.018,340.031,725.018,380.038,725.018,300.024,,,725.018,590.092,725.018,320.027,725.018,470.059,725.018,230.014,725.018,270.019,725.018,210.012,,,,
,,726.004,450.054,726.004,460.056,726.004,390.04,,,726.004,620.102,726.004,410.045,726.004,280.021,726.004,330.029,726.004,300.024,726.004,260.018,,,,
,,726.991,320.027,726.991,540.077,726.991,390.04,,,726.991,530.074,726.991,400.042,726.991,260.018,726.991,270.019,726.991,310.025,726.991,160.007,,,,
,,727.977,280.021,727.977,720.137,727.977,410.045,,,727.977,490.064,727.977,350.032,727.977,300.024,727.977,240.015,727.977,410.045,727.977,190.01,,,,
,,728.963,380.038,728.963,780.161,728.963,440.051,,,728.963,590.092,728.963,420.047,728.963,330.029,728.963,290.022,728.963,300.024,728.963,140.005,,,,
,,729.95,280.021,729.95,530.074,729.95,400.042,,,729.95,420.047,729.95,470.059,729.95,240.015,729.95,340.031,729.95,300.024,729.95,130.004,,,,
,,730.936,440.051,730.936,510.069,730.936,440.051,,,730.936,590.092,730.936,340.031,730.936,300.024,730.936,290.022,730.936,230.014,730.936,310.025,,,,
,,731.923,340.031,731.923,520.072,731.923,440.051,,,731.923,470.059,731.923,350.032,731.923,300.024,731.923,340.031,731.923,310.025,731.923,130.004,,,,
,,732.909,420.047,732.909,730.141,732.909,440.051,,,732.909,570.086,732.909,380.038,732.909,350.032,732.909,240.015,732.909,330.029,732.909,220.013,,,,
,,733.895,330.029,733.895,580.089,733.895,390.04,,,733.895,710.134,733.895,390.04,733.895,390.04,733.895,210.012,733.895,380.038,733.895,190.01,,,,
,,734.882,400.042,734.882,700.13,734.882,470.059,,,734.882,510.069,734.882,290.022,734.882,500.066,734.882,300.024,734.882,270.019,734.882,150.006,,,,
,,736.115,340.031,736.115,600.095,736.115,460.056,,,736.115,430.049,736.115,440.051,736.115,340.031,736.115,180.009,736.115,360.034,736.115,150.006,,,,
,,737.101,280.021,737.101,720.137,737.101,420.047,,,737.101,510.069,737.101,350.032,737.101,370.036,737.101,190.01,737.101,220.013,737.101,190.01,,,,
,,738.088,350.032,738.088,510.069,738.088,290.022,,,738.088,520.072,738.088,340.031,738.088,360.034,738.088,250.017,738.088,250.017,738.088,170.008,,,,
,,739.074,330.029,739.074,570.086,739.074,380.038,,,739.074,410.045,739.074,460.056,739.074,410.045,739.074,160.007,739.074,290.022,739.074,280.021,,,,
,,740.06,250.017,740.06,740.145,740.06,570.086,,,740.06,560.083,740.06,330.029,740.06,250.017,740.06,280.021,740.06,390.04,740.06,120.004,,,,
,,741.047,480.061,741.047,480.061,741.047,450.054,,,741.047,550.08,741.047,260.018,741.047,390.04,741.047,170.008,741.047,260.018,741.047,200.011,,,,
,,742.033,360.034,742.033,580.089,742.033,540.077,,,742.033,540.077,742.033,410.045,742.033,380.038,742.033,240.015,742.033,340.031,742.033,210.012,,,,
,,743.02,280.021,743.02,640.109,743.02,410.045,,,743.02,290.022,743.02,260.018,743.02,290.022,743.02,270.019,743.02,220.013,743.02,280.021,,,,
,,744.006,370.036,744.006,650.112,744.006,480.061,,,744.006,390.04,744.006,360.034,744.006,330.029,744.006,260.018,744.006,330.029,744.006,180.009,,,,
,,744.992,270.019,744.992,580.089,744.992,480.061,,,744.992,440.051,744.992,270.019,744.992,530.074,744.992,260.018,744.992,220.013,744.992,110.003,,,,
,,745.979,330.029,745.979,520.072,745.979,370.036,,,745.979,510.069,745.979,360.034,745.979,370.036,745.979,260.018,745.979,210.012,745.979,180.009,,,,
,,746.965,440.051,746.965,440.051,746.965,410.045,,,746.965,540.077,746.965,370.036,746.965,360.034,746.965,180.009,746.965,370.036,746.965,150.006,,,,
,,747.952,430.049,747.952,680.123,747.952,310.025,,,747.952,450.054,747.952,370.036,747.952,340.031,747.952,340.031,747.952,200.011,747.952,170.008,,,,
,,748.938,380.038,748.938,560.083,748.938,540.077,,,748.938,420.047,748.938,260.018,748.938,340.031,748.938,210.012,748.938,410.045,748.938,150.006,,,,
,,749.924,720.137,749.924,610.099,749.924,410.045,,,749.924,400.042,749.924,330.029,749.924,260.018,749.924,320.027,749.924,200.011,749.924,230.014,,,,