Wavelength (nm),S3Abs,Wavelength (nm),S4Abs,Wavelength (nm),S5Abs,Wavelength (nm),S6Abs,Wavelength (nm),S7Abs,Wavelength (nm),S8Abs,Wavelength (nm),S9Abs,Wavelength (nm),S10Abs,Wavelength (nm),S11Abs,Wavelength (nm),S12Abs,Wavelength (nm),S13Abs,Wavelength (nm),S14Abs,Wavelength (nm),S15Abs,Wavelength (nm),S16Abs,Wavelength (nm),S17Abs,
549.9279175,0.05898518115,549.9279175,0.07415950298,549.9279175,0.07783669233,549.9279175,0.08208209276,549.9279175,0.0937659815,549.9279175,0.09671858698,549.9279175,0.102393575,549.9279175,0.1074759886,549.9279175,0.1176348701,549.9279175,0.1220361143,549.9279175,0.1293538511,549.9279175,0.1363528967,549.9279175,0.1391798705,549.9279175,0.1420650482,549.9279175,0.1524326354,
549.0276489,0.06184236705,549.0276489,0.07746277004,549.0276489,0.08136188984,549.0276489,0.08538297564,549.0276489,0.09678547829,549.0276489,0.09995096922,549.0276489,0.1058123708,549.0276489,0.1111690924,549.0276489,0.1215764955,549.0276489,0.1258876771,549.0276489,0.1329989582,549.0276489,0.1399202049,549.0276489,0.1427206248,549.0276489,0.1463249326,549.0276489,0.1563926339,
547.9770508,0.06525536627,547.9770508,0.08100581914,547.9770508,0.08512123674,547.9770508,0.08944164217,547.9770508,0.1001657248,547.9770508,0.1037460715,547.9770508,0.1100778282,547.9770508,0.1152463779,547.9770508,0.1261257678,547.9770508,0.1301012784,547.9770508,0.1374659836,547.9770508,0.1442663372,547.9770508,0.1471807808,547.9770508,0.1509996057,547.9770508,0.1611626148,
546.9262695,0.06908745319,546.9262695,0.08518060297,546.9262695,0.08870126307,546.9262695,0.09374654293,546.9262695,0.1043630317,546.9262695,0.1079864651,546.9262695,0.1137924418,546.9262695,0.1195335612,546.9262695,0.1308272928,546.9262695,0.1340868324,546.9262695,0.1421274841,546.9262695,0.1473356038,546.9262695,0.1514109969,546.9262695,0.1557730585,546.9262695,0.1661708206,
546.0253296,0.07362747937,546.0253296,0.08943750709,546.0253296,0.09371779859,546.0253296,0.09858686477,546.0253296,0.1088600308,546.0253296,0.1124858782,546.0253296,0.1189956516,546.0253296,0.1239013597,546.0253296,0.1357097477,546.0253296,0.1387305856,546.0253296,0.1466371417,546.0253296,0.1510323733,546.0253296,0.1561868191,546.0253296,0.1607265472,546.0253296,0.1706228256,
544.973999,0.07789351791,544.973999,0.09373340756,544.973999,0.09824099392,544.973999,0.1028379127,544.973999,0.1141707897,544.973999,0.117477186,544.973999,0.1234683171,544.973999,0.1287346333,544.973999,0.1406796873,544.973999,0.1433329433,544.973999,0.1514548063,544.973999,0.1568923444,544.973999,0.1610854864,544.973999,0.1662377268,544.973999,0.1757761091,
544.0726929,0.08133538067,544.0726929,0.09803643823,544.0726929,0.1025570557,544.0726929,0.1071785614,544.0726929,0.1182676479,544.0726929,0.1215452626,544.0726929,0.1280433536,544.0726929,0.1333858371,544.0726929,0.145598948,544.0726929,0.1479371339,544.0726929,0.1555082351,544.0726929,0.1613111347,544.0726929,0.1662259549,544.0726929,0.1713564545,544.0726929,0.1800903082,
543.0209351,0.08556025475,543.0209351,0.102436699,543.0209351,0.1068704128,543.0209351,0.1114522964,543.0209351,0.1225632876,543.0209351,0.1258868575,543.0209351,0.1327095032,543.0209351,0.137622565,543.0209351,0.1500175595,543.0209351,0.1522785276,543.0209351,0.1604999304,543.0209351,0.1648197323,543.0209351,0.1706704944,543.0209351,0.1760842949,543.0209351,0.1845822334,
541.9688721,0.090369232,541.9688721,0.1071963832,541.9688721,0.1118682623,541.9688721,0.1155734286,541.9688721,0.1266711354,541.9688721,0.1303483844,541.9688721,0.1371104568,541.9688721,0.1419602931,541.9688721,0.1545631737,541.9688721,0.1563831717,541.9688721,0.1650879532,541.9688721,0.1686493903,541.9688721,0.1751161069,541.9688721,0.1797895283,541.9688721,0.1893085241,
541.0668945,0.09375043213,541.0668945,0.110816136,541.0668945,0.11566329,541.0668945,0.118789278,541.0668945,0.1300794184,541.0668945,0.1338292062,541.0668945,0.1406581402,541.0668945,0.1454554945,541.0668945,0.1578472555,541.0668945,0.1592739969,541.0668945,0.168541342,541.0668945,0.1713696271,541.0668945,0.1778914332,541.0668945,0.1804141551,541.0668945,0.1922782362,
540.0144043,0.09945446253,540.0144043,0.1166829765,540.0144043,0.1205298901,540.0144043,0.1244936213,540.0144043,0.1354517192,540.0144043,0.1392326653,540.0144043,0.1462192088,540.0144043,0.151167348,540.0144043,0.1635995656,540.0144043,0.1640403271,540.0144043,0.1736471802,540.0144043,0.1764354408,540.0144043,0.1836315244,540.0144043,0.1850560606,540.0144043,0.1968821138,
538.9616089,0.1052704975,538.9616089,0.1225737929,538.9616089,0.126195848,538.9616089,0.1302609295,538.9616089,0.1402554363,538.9616089,0.1444025338,538.9616089,0.1517818123,538.9616089,0.1563010216,538.9616089,0.1690513492,538.9616089,0.1689062715,538.9616089,0.1781722158,538.9616089,0.1807754189,538.9616089,0.1872204095,538.9616089,0.1903322339,538.9616089,0.201610297,
538.059082,0.1102300137,538.059082,0.1273559928,538.059082,0.1312516332,538.059082,0.1348300725,538.059082,0.1438983083,538.059082,0.1489787549,538.059082,0.1562585533,538.059082,0.1604542434,538.059082,0.1738701016,538.059082,0.1730090231,538.059082,0.1820371747,538.059082,0.185228765,538.059082,0.1911982298,538.059082,0.1937888563,538.059082,0.2054278851,
537.0057983,0.1152967736,537.0057983,0.1320920438,537.0057983,0.1356991082,537.0057983,0.1389867216,537.0057983,0.1477125883,537.0057983,0.153186202,537.0057983,0.1607328057,537.0057983,0.1647696793,537.0057983,0.1772642583,537.0057983,0.1770730913,537.0057983,0.1854275167,537.0057983,0.188588202,537.0057983,0.1947066784,537.0057983,0.1978090852,537.0057983,0.2088442892,
535.9523315,0.120534502,535.9523315,0.137120828,535.9523315,0.1402647346,535.9523315,0.1434673071,535.9523315,0.1518610567,535.9523315,0.1576113105,535.9523315,0.1651395559,535.9523315,0.1686796546,535.9523315,0.1811113805,535.9523315,0.1804998964,535.9523315,0.1886612624,535.9523315,0.1922222972,535.9523315,0.1988355815,535.9523315,0.2022824883,535.9523315,0.2125774175,
535.0491333,0.126957655,535.0491333,0.1426838487,535.0491333,0.1448844373,535.0491333,0.1488510519,535.0491333,0.1562372893,535.0491333,0.1626754552,535.0491333,0.170110628,535.0491333,0.1730573326,535.0491333,0.1858881563,535.0491333,0.1852508932,535.0491333,0.1926356703,535.0491333,0.1957977265,535.0491333,0.2023082674,535.0491333,0.2070892751,535.0491333,0.2158267945,
533.9951782,0.1332006305,533.9951782,0.1483387202,533.9951782,0.1514720172,533.9951782,0.1545934826,533.9951782,0.1626722962,533.9951782,0.1679149866,533.9951782,0.1748616844,533.9951782,0.1777780652,533.9951782,0.1896140128,533.9951782,0.1892102361,533.9951782,0.196574524,533.9951782,0.1998158544,533.9951782,0.2063430697,533.9951782,0.2127114087,533.9951782,0.2196342349,
532.940918,0.1405199617,532.940918,0.1545822024,532.940918,0.1572231352,532.940918,0.1601999849,532.940918,0.1680122316,532.940918,0.1734875888,532.940918,0.1806252748,532.940918,0.1829210967,532.940918,0.1947456747,532.940918,0.1939280033,532.940918,0.2014018595,532.940918,0.2040335983,532.940918,0.2107719183,532.940918,0.2167811692,532.940918,0.2238263935,
532.0371094,0.1463351846,532.0371094,0.1600501239,532.0371094,0.16231516,532.0371094,0.1651016921,532.0371094,0.1725228131,532.0371094,0.1787301451,532.0371094,0.1849086732,532.0371094,0.1873580664,532.0371094,0.1989725083,532.0371094,0.1981323808,532.0371094,0.2046547234,532.0371094,0.2078483254,532.0371094,0.2144559026,532.0371094,0.2196189165,532.0371094,0.2269416451,
530.9824219,0.1522200406,530.9824219,0.1656898409,530.9824219,0.1672895253,530.9824219,0.1701179445,530.9824219,0.1765941381,530.9824219,0.1830266267,530.9824219,0.1891410798,530.9824219,0.1919943541,530.9824219,0.2027945369,530.9824219,0.2021201551,530.9824219,0.2081858665,530.9824219,0.2104451805,530.9824219,0.2175227106,530.9824219,0.2230487317,530.9824219,0.2297310084,
529.9274902,0.1587012112,529.9274902,0.1722345799,529.9274902,0.1734772772,529.9274902,0.1757044047,529.9274902,0.1822625548,529.9274902,0.1880439818,529.9274902,0.1939109713,529.9274902,0.1969788671,529.9274902,0.2068513036,529.9274902,0.2030896544,529.9274902,0.2125726938,529.9274902,0.2141243815,529.9274902,0.2211626917,529.9274902,0.2263657749,529.9274902,0.2326013297,
529.0230713,0.1634729207,529.0230713,0.1759046316,529.0230713,0.177483052,529.0230713,0.1793128103,529.0230713,0.1853924841,529.0230713,0.1907988787,529.0230713,0.1968240738,529.0230713,0.2000845075,529.0230713,0.2093568295,529.0230713,0.2068168372,529.0230713,0.2146025598,529.0230713,0.2160637379,529.0230713,0.2228556126,529.0230713,0.2279190272,529.0230713,0.2347486168,
527.9677124,0.1710052341,527.9677124,0.1830235124,527.9677124,0.1838461012,527.9677124,0.1851581037,527.9677124,0.1908701807,527.9677124,0.1964789182,527.9677124,0.2021265477,527.9677124,0.2049085498,527.9677124,0.2135410458,527.9677124,0.2132045925,527.9677124,0.2184140384,527.9677124,0.2198243439,527.9677124,0.2268744707,527.9677124,0.2317429334,527.9677124,0.2377163023,
527.0628662,0.1771991998,527.0628662,0.1886489987,527.0628662,0.1894662678,527.0628662,0.1906634569,527.0628662,0.1960694343,527.0628662,0.2015398145,527.0628662,0.2064497024,527.0628662,0.2082499564,527.0628662,0.2177633941,527.0628662,0.2182219326,527.0628662,0.2218203843,527.0628662,0.2232180983,527.0628662,0.2299108207,527.0628662,0.2345128655,527.0628662,0.2402982265,
526.007019,0.1842367053,526.007019,0.195588246,526.007019,0.1955299675,526.007019,0.1954505146,526.007019,0.2015872896,526.007019,0.2068029642,526.007019,0.2111537457,526.007019,0.2133509517,526.007019,0.2217077613,526.007019,0.2216003388,526.007019,0.2258532792,526.007019,0.226767987,526.007019,0.2333125174,526.007019,0.2367442399,526.007019,0.2433821708,
524.9508667,0.1902892292,524.9508667,0.2016374767,524.9508667,0.2008075267,524.9508667,0.2011538297,524.9508667,0.2073271126,524.9508667,0.2116909027,524.9508667,0.215514183,524.9508667,0.2176498175,524.9508667,0.2259785235,524.9508667,0.2248360366,524.9508667,0.2294706553,524.9508667,0.2299902886,524.9508667,0.2364139706,524.9508667,0.2394451648,524.9508667,0.2456396669,
524.0454712,0.1959190667,524.0454712,0.206595093,524.0454712,0.2053854316,524.0454712,0.2051422149,524.0454712,0.2109381557,524.0454712,0.2152955532,524.0454712,0.2191633582,524.0454712,0.2208845168,524.0454712,0.2286446691,524.0454712,0.2277806997,524.0454712,0.2322276235,524.0454712,0.2323836237,524.0454712,0.2382769585,524.0454712,0.2422633618,524.0454712,0.2475263178,
522.9888916,0.203852132,522.9888916,0.2132109404,522.9888916,0.2130980343,522.9888916,0.2125237882,522.9888916,0.2178136706,522.9888916,0.2213575244,522.9888916,0.2247057855,522.9888916,0.2260300517,522.9888916,0.2335925251,522.9888916,0.2327285409,522.9888916,0.2369116098,522.9888916,0.236203298,522.9888916,0.2422606945,522.9888916,0.2458610684,522.9888916,0.2509897053,
521.9320679,0.2119694501,521.9320679,0.220756039,521.9320679,0.2192349285,521.9320679,0.2185959071,521.9320679,0.2229963988,521.9320679,0.2264350504,521.9320679,0.2294595838,521.9320679,0.2302382141,521.9320679,0.2371319681,521.9320679,0.2356406748,521.9320679,0.2397595793,521.9320679,0.2393147945,521.9320679,0.2448658496,521.9320679,0.2481705248,521.9320679,0.2537480295,
521.026062,0.2189795375,521.026062,0.2274872065,521.026062,0.2246365994,521.026062,0.2244725972,521.026062,0.2280941904,521.026062,0.2314687073,521.026062,0.2341237813,521.026062,0.2353990078,521.026062,0.2412030697,521.026062,0.2400166541,521.026062,0.2432385683,521.026062,0.2431006432,521.026062,0.2481523156,521.026062,0.250675112,521.026062,0.2561309934,
519.96875,0.2268021554,519.96875,0.2338767499,519.96875,0.2313161194,519.96875,0.2301032394,519.96875,0.2340991944,519.96875,0.2366680354,519.96875,0.2383174747,519.96875,0.240003556,519.96875,0.2450887263,519.96875,0.2434064299,519.96875,0.2464307547,519.96875,0.2458786666,519.96875,0.2510980964,519.96875,0.2526441216,519.96875,0.2580432594,
519.0623169,0.2323150337,519.0623169,0.2387819588,519.0623169,0.2361078411,519.0623169,0.234085083,519.0623169,0.2378164232,519.0623169,0.2399428785,519.0623169,0.2415919602,519.0623169,0.242879048,519.0623169,0.2477596253,519.0623169,0.2461927235,519.0623169,0.2487490624,519.0623169,0.2482744008,519.0623169,0.2538838685,519.0623169,0.2542774379,519.0623169,0.2598774135,
518.0046387,0.2393521219,518.0046387,0.2452264279,518.0046387,0.2413353622,518.0046387,0.2393090576,518.0046387,0.2422465384,518.0046387,0.2444678843,518.0046387,0.2450547665,518.0046387,0.2468635142,518.0046387,0.2512353361,518.0046387,0.2488574535,518.0046387,0.2514149845,518.0046387,0.2505006194,518.0046387,0.2563033104,518.0046387,0.2560314834,518.0046387,0.261476934,
516.9466553,0.2472693473,516.9466553,0.2520129681,516.9466553,0.2486887127,516.9466553,0.2456914335,516.9466553,0.248148188,516.9466553,0.2497429401,516.9466553,0.2505215704,516.9466553,0.2513385713,516.9466553,0.2550591826,516.9466553,0.253577888,516.9466553,0.2548389435,516.9466553,0.2535106838,516.9466553,0.2591390312,516.9466553,0.2587760091,516.9466553,0.264051944,
516.0396118,0.255302906,516.0396118,0.2584388852,516.0396118,0.2541529536,516.0396118,0.2511180341,516.0396118,0.2537273467,516.0396118,0.2545825839,516.0396118,0.2552717924,516.0396118,0.2561090589,516.0396118,0.2591837943,516.0396118,0.2573896348,516.0396118,0.2584642768,516.0396118,0.2562070191,516.0396118,0.2612755895,516.0396118,0.2622000873,516.0396118,0.265897423,
514.9812012,0.2618102431,514.9812012,0.2647699118,514.9812012,0.2602193654,514.9812012,0.2557935715,514.9812012,0.2582182586,514.9812012,0.2589496672,514.9812012,0.2591128051,514.9812012,0.2597073913,514.9812012,0.2619569898,514.9812012,0.2604255676,514.9812012,0.2605087459,514.9812012,0.2584009171,514.9812012,0.262473017,514.9812012,0.2615653872,514.9812012,0.2667919099,
514.0737915,0.2679964602,514.0737915,0.2711078525,514.0737915,0.2658136785,514.0737915,0.2607930303,514.0737915,0.2630828917,514.0737915,0.2628731132,514.0737915,0.2627463937,514.0737915,0.263687551,514.0737915,0.2652651072,514.0737915,0.2631059885,514.0737915,0.2633287907,514.0737915,0.2606917024,514.0737915,0.2649365067,514.0737915,0.2611599565,514.0737915,0.2682891786,
513.0148926,0.2751351297,513.0148926,0.2769085169,513.0148926,0.2713272274,513.0148926,0.2662670016,513.0148926,0.268291831,513.0148926,0.2672644854,513.0148926,0.2669484019,513.0148926,0.2668327689,513.0148926,0.2685302794,513.0148926,0.2656883299,513.0148926,0.2658706903,513.0148926,0.2632282674,513.0148926,0.2666199505,513.0148926,0.2634320557,513.0148926,0.2699943483,
511.9558105,0.2820930481,511.9558105,0.2829218507,511.9558105,0.2765653431,511.9558105,0.2707385123,511.9558105,0.2728672624,511.9558105,0.2718795836,511.9558105,0.2707229853,511.9558105,0.2703522742,511.9558105,0.2712315917,511.9558105,0.2679790556,511.9558105,0.2677990198,511.9558105,0.2651336491,511.9558105,0.268086493,511.9558105,0.2670594752,511.9558105,0.2708297968,
511.0477905,0.2894978821,511.0477905,0.2889214158,511.0477905,0.2821191847,511.0477905,0.276245594,511.0477905,0.2775935233,511.0477905,0.2764862478,511.0477905,0.2747111917,511.0477905,0.2741265595,511.0477905,0.2745804787,511.0477905,0.2709260881,511.0477905,0.2704458237,511.0477905,0.2671153843,511.0477905,0.2700195909,511.0477905,0.2693284154,511.0477905,0.2723401487,
509.9882202,0.2970675528,509.9882202,0.2957136333,509.9882202,0.2878751755,509.9882202,0.282045275,509.9882202,0.2822486162,509.9882202,0.2809371352,509.9882202,0.2783369422,509.9882202,0.2779484093,509.9882202,0.2778055668,509.9882202,0.2746762931,509.9882202,0.2732389867,509.9882202,0.2699963152,509.9882202,0.2722853422,509.9882202,0.2712614536,509.9882202,0.2736113369,
508.9284363,0.3041399121,508.9284363,0.301782161,508.9284363,0.2937903702,508.9284363,0.2871548235,508.9284363,0.2880081534,508.9284363,0.2862584591,508.9284363,0.2828310728,508.9284363,0.2813877463,508.9284363,0.2811440229,508.9284363,0.2775274217,508.9284363,0.2759686708,508.9284363,0.2718574405,508.9284363,0.2740004957,508.9284363,0.2729255855,508.9284363,0.2751202583,
508.0198364,0.3096938431,508.0198364,0.3052398264,508.0198364,0.2975169122,508.0198364,0.2900041044,508.0198364,0.2905542254,508.0198364,0.288264662,508.0198364,0.2849032879,508.0198364,0.2825984061,508.0198364,0.2827593386,508.0198364,0.2783391178,508.0198364,0.276712507,508.0198364,0.2722863555,508.0198364,0.2749527991,508.0198364,0.272967279,508.0198364,0.2745095491,
506.9595947,0.3167870641,506.9595947,0.3116301596,506.9595947,0.3029233217,506.9595947,0.2953358293,506.9595947,0.2955462933,506.9595947,0.292494446,506.9595947,0.2884934545,506.9595947,0.2865250111,506.9595947,0.2855558097,506.9595947,0.2807504237,506.9595947,0.2788229287,506.9595947,0.2744153142,506.9595947,0.2762919664,506.9595947,0.2746929228,506.9595947,0.275816679,
506.0505981,0.3213803172,506.0505981,0.3157111108,506.0505981,0.3068479896,506.0505981,0.2989813387,506.0505981,0.2984064817,506.0505981,0.2955003679,506.0505981,0.2913232148,506.0505981,0.2883826792,506.0505981,0.2875802815,506.0505981,0.2817891836,506.0505981,0.2801088393,506.0505981,0.2753014863,506.0505981,0.276375562,506.0505981,0.2741517723,506.0505981,0.2758170962,
504.9899292,0.329318881,504.9899292,0.3218402267,504.9899292,0.3120811284,504.9899292,0.3042424917,504.9899292,0.3029834628,504.9899292,0.2999858856,504.9899292,0.294944644,504.9899292,0.2919105887,504.9899292,0.2903060317,504.9899292,0.2846474349,504.9899292,0.2823640406,504.9899292,0.2769435346,504.9899292,0.2773564756,504.9899292,0.2749871314,504.9899292,0.2764316499,
503.9289856,0.3358688354,503.9289856,0.3271267414,503.9289856,0.31697312,503.9289856,0.3087472022,503.9289856,0.3065752685,503.9289856,0.3027224243,503.9289856,0.2980373502,503.9289856,0.2942359149,503.9289856,0.291952014,503.9289856,0.2859572172,503.9289856,0.2829273045,503.9289856,0.2779168487,503.9289856,0.2779851854,503.9289856,0.2753040791,503.9289856,0.2763878405,
503.0194397,0.3420132399,503.0194397,0.3319728673,503.0194397,0.3213504255,503.0194397,0.3123342395,503.0194397,0.3092245162,503.0194397,0.3057626784,503.0194397,0.3003636897,503.0194397,0.2963381708,503.0194397,0.2940321267,503.0194397,0.2877448499,503.0194397,0.2841412127,503.0194397,0.2783061862,503.0194397,0.2786926031,503.0194397,0.2755199969,503.0194397,0.2765494883,
501.9580688,0.347660929,501.9580688,0.3367268443,501.9580688,0.3256505728,501.9580688,0.3163318932,501.9580688,0.3131808341,501.9580688,0.3091225922,501.9580688,0.3033341765,501.9580688,0.2986960411,501.9580688,0.2963854969,501.9580688,0.2895192206,501.9580688,0.2856402993,501.9580688,0.279663831,501.9580688,0.2794832289,501.9580688,0.2753509283,501.9580688,0.276899457,
501.0481262,0.3525183201,501.0481262,0.3402238488,501.0481262,0.3286956251,501.0481262,0.3189441264,501.0481262,0.3154655099,501.0481262,0.3113947511,501.0481262,0.3057781458,501.0481262,0.3004723489,501.0481262,0.2975931764,501.0481262,0.2901947796,501.0481262,0.2863709629,501.0481262,0.2797527611,501.0481262,0.2798427939,501.0481262,0.2758088112,501.0481262,0.2764822841,
499.9862976,0.3576230705,499.9862976,0.3446901739,499.9862976,0.3329877257,499.9862976,0.3226316273,499.9862976,0.3184891939,499.9862976,0.3135405481,499.9862976,0.3076818585,499.9862976,0.3015308082,499.9862976,0.2988211811,499.9862976,0.2912300229,499.9862976,0.2864162326,499.9862976,0.2797472477,499.9862976,0.2791730762,499.9862976,0.2707405984,499.9862976,0.2755584121,
498.9242554,0.3632752001,498.9242554,0.3488911092,498.9242554,0.3364415169,498.9242554,0.3265138268,498.9242554,0.3216534257,498.9242554,0.3158536553,498.9242554,0.3096914589,498.9242554,0.3038863838,498.9242554,0.2999431193,498.9242554,0.2921792269,498.9242554,0.2868742943,498.9242554,0.2796512246,498.9242554,0.279150188,498.9242554,0.2728970051,498.9242554,0.2748579383,
498.0137329,0.3683777153,498.0137329,0.3528185487,498.0137329,0.3404572904,498.0137329,0.3295834064,498.0137329,0.324315995,498.0137329,0.3180386722,498.0137329,0.3118795156,498.0137329,0.3053895831,498.0137329,0.3014195263,498.0137329,0.2931872904,498.0137329,0.2872515619,498.0137329,0.2803387642,498.0137329,0.2786428928,498.0137329,0.2743217051,498.0137329,0.2729875743,
496.9512634,0.3721747994,496.9512634,0.3563490808,496.9512634,0.3434746563,496.9512634,0.3324486911,496.9512634,0.3266862631,496.9512634,0.3204142451,496.9512634,0.3127903342,496.9512634,0.306017071,496.9512634,0.3021855652,496.9512634,0.2936973572,496.9512634,0.287720561,496.9512634,0.2798752189,496.9512634,0.2780245543,496.9512634,0.272364527,496.9512634,0.2729243636,
496.0403748,0.3759276569,496.0403748,0.3586195707,496.0403748,0.3455906808,496.0403748,0.3343559802,496.0403748,0.3277125955,496.0403748,0.321054548,496.0403748,0.3142257035,496.0403748,0.3071913123,496.0403748,0.3021171391,496.0403748,0.2940796018,496.0403748,0.2876503766,496.0403748,0.279848665,496.0403748,0.277507484,496.0403748,0.2714760602,496.0403748,0.27139768,
494.9774475,0.3792511523,494.9774475,0.3620216548,494.9774475,0.3478778303,494.9774475,0.3372074068,494.9774475,0.3299211562,494.9774475,0.3221943974,494.9774475,0.3151992559,494.9774475,0.3081487417,494.9774475,0.3030502498,494.9774475,0.2944824696,494.9774475,0.2878550887,494.9774475,0.2793614268,494.9774475,0.2764599025,494.9774475,0.2702313066,494.9774475,0.26987499,
494.0661926,0.3858177364,494.0661926,0.3657009304,494.0661926,0.3512027562,494.0661926,0.3402005732,494.0661926,0.3326272666,494.0661926,0.3245386779,494.0661926,0.3170795143,494.0661926,0.3096632659,494.0661926,0.3035188615,494.0661926,0.2946673036,494.0661926,0.2879719734,494.0661926,0.2795604467,494.0661926,0.2761515677,494.0661926,0.2698687315,494.0661926,0.2688959241,
493.0028381,0.3895398676,493.0028381,0.3689352274,493.0028381,0.3535978794,493.0028381,0.3423649669,493.0028381,0.3346685767,493.0028381,0.3258595467,493.0028381,0.3179761171,493.0028381,0.3104479909,493.0028381,0.3039806485,493.0028381,0.2945447266,493.0028381,0.287563473,493.0028381,0.2786885798,493.0028381,0.2750812769,493.0028381,0.2684907019,493.0028381,0.2665363848,
491.93927,0.3930409551,491.93927,0.371370852,491.93927,0.3566221893,491.93927,0.3442372978,491.93927,0.3360304832,491.93927,0.327478081,491.93927,0.3188009858,491.93927,0.3108486831,491.93927,0.3041732609,491.93927,0.294502914,491.93927,0.2871116996,491.93927,0.2782307863,491.93927,0.2739797235,491.93927,0.2669073939,491.93927,0.265357852,
491.0274353,0.3959635794,491.0274353,0.3731800914,491.0274353,0.3579857349,491.0274353,0.345572561,491.0274353,0.3374315202,491.0274353,0.3283500075,491.0274353,0.3193950951,491.0274353,0.3106080592,491.0274353,0.3042698503,491.0274353,0.2940776348,491.0274353,0.2865004838,491.0274353,0.2768549025,491.0274353,0.2729528546,491.0274353,0.2654111981,491.0274353,0.2643563151,
489.9634094,0.3988435268,489.9634094,0.3759479821,489.9634094,0.360028863,489.9634094,0.3469902873,489.9634094,0.3386722207,489.9634094,0.3289521933,489.9634094,0.3197802305,489.9634094,0.3112318218,489.9634094,0.3036566377,489.9634094,0.2936478257,489.9634094,0.2856883705,489.9634094,0.276478231,489.9634094,0.2715179324,489.9634094,0.26468274,489.9634094,0.2626643479,
489.0512085,0.400949657,489.0512085,0.3773860037,489.0512085,0.3609770536,489.0512085,0.3479159176,489.0512085,0.3391817808,489.0512085,0.3291662931,489.0512085,0.3197307289,489.0512085,0.3109232187,489.0512085,0.3031512201,489.0512085,0.2890304923,489.0512085,0.284629643,489.0512085,0.2751519084,489.0512085,0.2701717913,489.0512085,0.2625581026,489.0512085,0.2606213689,
487.9867859,0.4037535191,487.9867859,0.3795047104,487.9867859,0.3625752628,487.9867859,0.3484482765,487.9867859,0.339995712,487.9867859,0.3294919431,487.9867859,0.3196244538,487.9867859,0.3110446334,487.9867859,0.302166611,487.9867859,0.2820567787,487.9867859,0.2831836641,487.9867859,0.2739925086,487.9867859,0.2685168386,487.9867859,0.2606997788,487.9867859,0.2585571706,
487.0742188,0.405103296,487.0742188,0.3804326952,487.0742188,0.3633334339,487.0742188,0.3491170108,487.0742188,0.3406518698,487.0742188,0.3297240734,487.0742188,0.3196777403,487.0742188,0.3102660179,487.0742188,0.301962465,487.0742188,0.2860215008,487.0742188,0.2823396027,487.0742188,0.27258569,487.0742188,0.2668940425,487.0742188,0.2589189708,487.0742188,0.2562185824,
486.0093384,0.4070077837,486.0093384,0.3813097179,486.0093384,0.3641266227,486.0093384,0.3493559659,486.0093384,0.3406248689,486.0093384,0.3292298317,486.0093384,0.3184377253,486.0093384,0.3096006513,486.0093384,0.3001313508,486.0093384,0.2886078656,486.0093384,0.2806861997,486.0093384,0.2706181705,486.0093384,0.2643585801,486.0093384,0.2561318874,486.0093384,0.2536308765,
484.9442444,0.4089021981,484.9442444,0.3823468089,484.9442444,0.36449489,484.9442444,0.3493158817,484.9442444,0.3408395052,484.9442444,0.3290152252,484.9442444,0.3184554875,484.9442444,0.3090927899,484.9442444,0.2987202406,484.9442444,0.2877132893,484.9442444,0.2793014348,484.9442444,0.2690991461,484.9442444,0.262632668,484.9442444,0.2536971867,484.9442444,0.2515386939,
484.0310974,0.4094329178,484.0310974,0.382563889,484.0310974,0.3652187288,484.0310974,0.349442333,484.0310974,0.3408321738,484.0310974,0.3287428021,484.0310974,0.3180511296,484.0310974,0.3077646792,484.0310974,0.2981083691,484.0310974,0.2862255871,484.0310974,0.2782658637,484.0310974,0.2673520446,484.0310974,0.2612517178,484.0310974,0.2525424361,484.0310974,0.2500443161,
482.9655762,0.4094283283,482.9655762,0.3819205165,482.9655762,0.3640968502,482.9655762,0.3485260904,482.9655762,0.3400754333,482.9655762,0.3270814121,482.9655762,0.3169565797,482.9655762,0.3064780831,482.9655762,0.2954446673,482.9655762,0.2845175266,482.9655762,0.2758707404,482.9655762,0.2653313577,482.9655762,0.2589131892,482.9655762,0.2496450394,482.9655762,0.2471341938,
482.0520935,0.4110756218,482.0520935,0.3827762306,482.0520935,0.3639842272,482.0520935,0.3482618034,482.0520935,0.3400076032,482.0520935,0.3264063001,482.0520935,0.3166769147,482.0520935,0.3053765595,482.0520935,0.2949511707,482.0520935,0.2830375731,482.0520935,0.274610579,482.0520935,0.2638857663,482.0520935,0.2565670907,482.0520935,0.2478675842,482.0520935,0.2450175434,
480.986145,0.41136989,480.986145,0.3824999928,480.986145,0.363979578,480.986145,0.3479123116,480.986145,0.339102298,480.986145,0.3259271085,480.986145,0.3148842454,480.986145,0.3041738868,480.986145,0.2933187187,480.986145,0.2801577747,480.986145,0.2725598812,480.986145,0.2614972889,480.986145,0.2542950809,480.986145,0.2448805869,480.986145,0.2424054146,
480.0722961,0.4108704627,480.0722961,0.3816069067,480.0722961,0.3619682491,480.0722961,0.3467392921,480.0722961,0.3371533751,480.0722961,0.3241724372,480.0722961,0.3087092638,480.0722961,0.3024459481,480.0722961,0.2914925516,480.0722961,0.2789657712,480.0722961,0.2704260349,480.0722961,0.2595258653,480.0722961,0.2520972788,480.0722961,0.242834717,480.0722961,0.2394640744,
479.0059204,0.4109883904,479.0059204,0.3811348677,479.0059204,0.36164096,479.0059204,0.345489651,479.0059204,0.3360200822,479.0059204,0.322596401,479.0059204,0.30584988,479.0059204,0.3006618917,479.0059204,0.2895126045,479.0059204,0.2762758136,479.0059204,0.2682170272,479.0059204,0.2571683526,479.0059204,0.2495053858,479.0059204,0.2402181476,479.0059204,0.2366514206,
477.9393311,0.4113643169,477.9393311,0.3806319535,477.9393311,0.36171332,477.9393311,0.3444007933,477.9393311,0.3351250291,477.9393311,0.3216312528,477.9393311,0.3037659824,477.9393311,0.2988672256,477.9393311,0.2878834307,477.9393311,0.2743155062,477.9393311,0.2666171193,477.9393311,0.2557713687,477.9393311,0.2478581518,477.9393311,0.2379659414,477.9393311,0.234832406,
477.0249329,0.4092927575,477.0249329,0.3791569173,477.0249329,0.3588061631,477.0249329,0.3413478434,477.0249329,0.3320305347,477.0249329,0.3188901842,477.0249329,0.3025168478,477.0249329,0.2961812913,477.0249329,0.2847868204,477.0249329,0.271063298,477.0249329,0.2631515563,477.0249329,0.2521368563,477.0249329,0.2441939563,477.0249329,0.2336785644,477.0249329,0.2309411764,
475.9579163,0.4078047276,475.9579163,0.377445817,475.9579163,0.3572636843,475.9579163,0.3388236165,475.9579163,0.3299857676,475.9579163,0.3165021241,475.9579163,0.3010573983,475.9579163,0.293202877,475.9579163,0.2821585834,475.9579163,0.2685634792,475.9579163,0.260044992,475.9579163,0.2494330555,475.9579163,0.2414774746,475.9579163,0.2311175615,475.9579163,0.2278584838,
475.0431519,0.4054693282,475.0431519,0.3746807873,475.0431519,0.3545750678,475.0431519,0.3363185525,475.0431519,0.3273562789,475.0431519,0.3139877319,475.0431519,0.2987441719,475.0431519,0.2906353772,475.0431519,0.2790610492,475.0431519,0.2653883994,475.0431519,0.2571192682,475.0431519,0.2467124462,475.0431519,0.2378434986,475.0431519,0.2267945558,475.0431519,0.223520115,
473.9757385,0.4037397802,473.9757385,0.3713047206,473.9757385,0.3520243764,473.9757385,0.332687974,473.9757385,0.3251096308,473.9757385,0.3109122217,473.9757385,0.2988387048,473.9757385,0.2873716354,473.9757385,0.2764673829,473.9757385,0.2623140514,473.9757385,0.2537143528,473.9757385,0.2436734289,473.9757385,0.2345224023,473.9757385,0.2243303359,473.9757385,0.2205043584,
473.0606079,0.401460886,473.0606079,0.3686797023,473.0606079,0.3490684927,473.0606079,0.3306096792,473.0606079,0.3217282295,473.0606079,0.3081140816,473.0606079,0.2970618308,473.0606079,0.2845308483,473.0606079,0.2732623518,473.0606079,0.2592600584,473.0606079,0.2511034012,473.0606079,0.2400750518,473.0606079,0.2314283103,473.0606079,0.2206554413,473.0606079,0.2174028754,
471.9927673,0.3985387981,471.9927673,0.3664605021,471.9927673,0.3462811112,471.9927673,0.3274879158,471.9927673,0.3192917705,471.9927673,0.3055735528,471.9927673,0.2938452661,471.9927673,0.2813410461,471.9927673,0.2703719735,471.9927673,0.2561502755,471.9927673,0.2478217334,471.9927673,0.2375463843,471.9927673,0.228940174,471.9927673,0.2181874067,471.9927673,0.2133255303,
470.9246826,0.3962022662,470.9246826,0.3630776703,470.9246826,0.3430443108,470.9246826,0.3235573769,470.9246826,0.3168647885,470.9246826,0.3024849296,470.9246826,0.2907515466,470.9246826,0.2783618569,470.9246826,0.2668809295,470.9246826,0.2532698214,470.9246826,0.2440269291,470.9246826,0.2338901907,470.9246826,0.2250304371,470.9246826,0.2144805044,470.9246826,0.2102692574,
470.0090332,0.3933320343,470.0090332,0.3606736362,470.0090332,0.3410596251,470.0090332,0.3216530681,470.0090332,0.3146016598,470.0090332,0.2999422848,470.0090332,0.2882581353,470.0090332,0.2755158842,470.0090332,0.2636525929,470.0090332,0.2507939637,470.0090332,0.241253823,470.0090332,0.2310375273,470.0090332,0.2226333171,470.0090332,0.2116095275,470.0090332,0.2074055672,
468.9405518,0.3897978067,468.9405518,0.3580526412,468.9405518,0.3375153542,468.9405518,0.3184592128,468.9405518,0.3113197088,468.9405518,0.2965242863,468.9405518,0.2849644423,468.9405518,0.2715803385,468.9405518,0.2603056729,468.9405518,0.2480109334,468.9405518,0.237497136,468.9405518,0.2271909267,468.9405518,0.2191172689,468.9405518,0.2081284225,468.9405518,0.2040094882,
468.0245361,0.385905087,468.0245361,0.3559122086,468.0245361,0.3348952234,468.0245361,0.3161102235,468.0245361,0.3085058033,468.0245361,0.2942945659,468.0245361,0.2819486558,468.0245361,0.27030164,468.0245361,0.2575926185,468.0245361,0.2462704331,468.0245361,0.2350256741,468.0245361,0.2251770645,468.0245361,0.2169702053,468.0245361,0.2056480348,468.0245361,0.2015637755,
466.955658,0.3816571832,466.955658,0.3511493802,466.955658,0.3307672143,466.955658,0.3123644888,466.955658,0.3049865067,466.955658,0.2911502719,466.955658,0.279145956,466.955658,0.2668819726,466.955658,0.2533194721,466.955658,0.2435750812,466.955658,0.2316068411,466.955658,0.2216777951,466.955658,0.2138178647,466.955658,0.2028030753,466.955658,0.1983115077,
466.0392761,0.3794638515,466.0392761,0.3475804329,466.0392761,0.3267992437,466.0392761,0.3075682819,466.0392761,0.301492691,466.0392761,0.2864454985,466.0392761,0.2749546468,466.0392761,0.2622337937,466.0392761,0.2490397096,466.0392761,0.2396799177,466.0392761,0.226930514,466.0392761,0.217899248,466.0392761,0.209526971,466.0392761,0.1988847256,466.0392761,0.1948578507,
464.9700012,0.3746632338,464.9700012,0.3430812359,464.9700012,0.3221606612,464.9700012,0.3035121262,464.9700012,0.2968238294,464.9700012,0.282577455,464.9700012,0.2707271278,464.9700012,0.2576908469,464.9700012,0.2448863238,464.9700012,0.2356535494,464.9700012,0.2230675966,464.9700012,0.2132545114,464.9700012,0.2051453292,464.9700012,0.1946957409,464.9700012,0.1901628673,
464.0532837,0.3710311353,464.0532837,0.339733988,464.0532837,0.3185675442,464.0532837,0.2994685173,464.0532837,0.2942158282,464.0532837,0.279422462,464.0532837,0.2674365044,464.0532837,0.2547012866,464.0532837,0.2413562536,464.0532837,0.2326883823,464.0532837,0.219256416,464.0532837,0.2104939222,464.0532837,0.2025676072,464.0532837,0.19185175,464.0532837,0.1874264628,
462.983551,0.3666838109,462.983551,0.3346018493,462.983551,0.3145859241,462.983551,0.2961358726,462.983551,0.2895850241,462.983551,0.2758405209,462.983551,0.2638174593,462.983551,0.2506041229,462.983551,0.2368188053,462.983551,0.2279267609,462.983551,0.2156539559,462.983551,0.2074921727,462.983551,0.1992632896,462.983551,0.1882364452,462.983551,0.1839671284,
462.0664978,0.3622142076,462.0664978,0.3302410245,462.0664978,0.3103891313,462.0664978,0.2916496992,462.0664978,0.2850166857,462.0664978,0.2725244462,462.0664978,0.2601077259,462.0664978,0.246342957,462.0664978,0.2334334254,462.0664978,0.2253373414,462.0664978,0.2117928267,462.0664978,0.2040325999,462.0664978,0.1957523525,462.0664978,0.1849552691,462.0664978,0.1800621301,
460.9963989,0.3566986322,460.9963989,0.3244150877,460.9963989,0.3047651052,460.9963989,0.2870811522,460.9963989,0.2792979479,460.9963989,0.2669291496,460.9963989,0.2545822263,460.9963989,0.2411479503,460.9963989,0.2282349318,460.9963989,0.2202869505,460.9963989,0.2069991231,460.9963989,0.1990755796,460.9963989,0.1914666295,460.9963989,0.1806882918,460.9963989,0.1757766157,
459.9260559,0.3513135612,459.9260559,0.3197287321,459.9260559,0.2996189594,459.9260559,0.282620877,459.9260559,0.2743505239,459.9260559,0.2618946731,459.9260559,0.2509028614,459.9260559,0.2362654209,459.9260559,0.2237388939,459.9260559,0.2160782963,459.9260559,0.2030622661,459.9260559,0.1958493739,459.9260559,0.1874910742,459.9260559,0.1770472527,459.9260559,0.1719248295,
459.0084534,0.3488380015,459.0084534,0.3177531064,459.0084534,0.2980216742,459.0084534,0.2812933624,459.0084534,0.272998482,459.0084534,0.2607079446,459.0084534,0.2500538528,459.0084534,0.2351426631,459.0084534,0.2225497663,459.0084534,0.2154573351,459.0084534,0.2023035735,459.0084534,0.1951877922,459.0084534,0.1864242852,459.0084534,0.1764337718,459.0084534,0.171818167,
457.9377441,0.3426988423,457.9377441,0.3126081824,457.9377441,0.2930452824,457.9377441,0.2761264443,457.9377441,0.2674401402,457.9377441,0.2561603189,457.9377441,0.2453898191,457.9377441,0.2307092845,457.9377441,0.2181510478,457.9377441,0.2114052027,457.9377441,0.1975967586,457.9377441,0.1915182173,457.9377441,0.1829161644,457.9377441,0.1731251627,457.9377441,0.1678353101,
457.0198059,0.3371377289,457.0198059,0.3074047267,457.0198059,0.287950784,457.0198059,0.2710406482,457.0198059,0.262288481,457.0198059,0.2511542737,457.0198059,0.2403225303,457.0198059,0.2259878367,457.0198059,0.2136543691,457.0198059,0.2063840777,457.0198059,0.1937025189,457.0198059,0.1871517003,457.0198059,0.1780575663,457.0198059,0.1691610068,457.0198059,0.1640872806,
455.9486694,0.3295591176,455.9486694,0.3002300262,455.9486694,0.2810384035,455.9486694,0.2641828656,455.9486694,0.2549502552,455.9486694,0.24498564,455.9486694,0.2338923067,455.9486694,0.2196220458,455.9486694,0.2075498551,455.9486694,0.2002228647,455.9486694,0.1875907779,455.9486694,0.1823759973,455.9486694,0.1723976731,455.9486694,0.1637455225,455.9486694,0.1586873382,
455.0303955,0.322281599,455.0303955,0.293679893,455.0303955,0.2735374272,455.0303955,0.2579764724,455.0303955,0.2487785816,455.0303955,0.2385094315,455.0303955,0.2268672734,455.0303955,0.2131651789,455.0303955,0.2021732479,455.0303955,0.1941115111,455.0303955,0.182134822,455.0303955,0.1769136041,455.0303955,0.1667577624,455.0303955,0.1583146453,455.0303955,0.153659001,
453.9588623,0.3161458671,453.9588623,0.2879013121,453.9588623,0.2694866359,453.9588623,0.2531577647,453.9588623,0.2435568869,453.9588623,0.2336414605,453.9588623,0.222953096,453.9588623,0.208882302,453.9588623,0.1986806989,453.9588623,0.1898508221,453.9588623,0.1784676164,453.9588623,0.1739278138,453.9588623,0.1632467955,453.9588623,0.1555532217,453.9588623,0.1507139504,
453.0402222,0.3105934858,453.0402222,0.2822401226,453.0402222,0.2633448839,453.0402222,0.2480979562,453.0402222,0.2385235131,453.0402222,0.2283094972,453.0402222,0.2183006704,453.0402222,0.2042064369,453.0402222,0.1944913268,453.0402222,0.185398519,453.0402222,0.1748590916,453.0402222,0.170065105,453.0402222,0.159459874,453.0402222,0.1523575634,453.0402222,0.1460502297,
451.9682922,0.3050581813,451.9682922,0.2774487436,451.9682922,0.2582086325,451.9682922,0.2436516434,451.9682922,0.2331510782,451.9682922,0.2237351239,451.9682922,0.2140461504,451.9682922,0.2002847195,451.9682922,0.1904904246,451.9682922,0.181032002,451.9682922,0.1716296524,451.9682922,0.1666585803,451.9682922,0.155379191,451.9682922,0.1462176144,451.9682922,0.1437976509,
451.0493469,0.3001795411,451.0493469,0.2733356059,451.0493469,0.2546030283,451.0493469,0.2393081486,451.0493469,0.2294709533,451.0493469,0.2203031182,451.0493469,0.2106684297,451.0493469,0.1968586892,451.0493469,0.1871148944,451.0493469,0.1779005975,451.0493469,0.1695048362,451.0493469,0.1642305702,451.0493469,0.1532446593,451.0493469,0.134757936,451.0493469,0.141383782,
449.9770203,0.293211937,449.9770203,0.2667042315,449.9770203,0.2486923337,449.9770203,0.2335955352,449.9770203,0.2240920514,449.9770203,0.2146512717,449.9770203,0.2052370459,449.9770203,0.1918465495,449.9770203,0.1818107069,449.9770203,0.1729357392,449.9770203,0.1644058079,449.9770203,0.1604146808,449.9770203,0.1487807184,449.9770203,0.1313609779,449.9770203,0.1370867789,
449.0577087,0.2878498733,449.0577087,0.2607318759,449.0577087,0.2433460057,449.0577087,0.2283080965,449.0577087,0.2190758139,449.0577087,0.2094189525,449.0577087,0.200526014,449.0577087,0.1872736812,449.0577087,0.178792879,449.0577087,0.1687449664,449.0577087,0.1608165503,449.0577087,0.1565427631,449.0577087,0.1452798545,449.0577087,0.1316650957,449.0577087,0.133869648,
447.9849854,0.2809355557,447.9849854,0.2545563579,447.9849854,0.2369605303,447.9849854,0.2222301066,447.9849854,0.2130158842,447.9849854,0.2034414709,447.9849854,0.1950897425,447.9849854,0.1838615984,447.9849854,0.1733733863,447.9849854,0.1641026139,447.9849854,0.1558195204,447.9849854,0.1518060416,447.9849854,0.140019238,447.9849854,0.1317515522,447.9849854,0.1306618452,
447.0653687,0.2751502991,447.0653687,0.2497976869,447.0653687,0.2327394634,447.0653687,0.2168579698,447.0653687,0.2082533091,447.0653687,0.1996697634,447.0653687,0.1892898381,447.0653687,0.1796595305,447.0653687,0.1694029272,447.0653687,0.1605492681,447.0653687,0.152254343,447.0653687,0.1482696235,447.0653687,0.137887612,447.0653687,0.1312034428,447.0653687,0.1275234818,
445.9922485,0.2690252066,445.9922485,0.2439124435,445.9922485,0.2274302542,445.9922485,0.2119533867,445.9922485,0.2034754306,445.9922485,0.195244804,445.9922485,0.1860287786,445.9922485,0.1748124361,445.9922485,0.1657643467,445.9922485,0.1569271982,445.9922485,0.1477495134,445.9922485,0.1440100223,445.9922485,0.1339253932,445.9922485,0.1278847605,445.9922485,0.1238480285,
445.0722656,0.2624756694,445.0722656,0.2378378958,445.0722656,0.221536532,445.0722656,0.2072680891,445.0722656,0.1986036003,445.0722656,0.1906375587,445.0722656,0.1804802418,445.0722656,0.1701277196,445.0722656,0.1616636068,445.0722656,0.1529097408,445.0722656,0.1434684247,445.0722656,0.1394600421,445.0722656,0.1305349022,445.0722656,0.1198814958,445.0722656,0.1203616932,
443.9987793,0.2559286058,443.9987793,0.2323627621,443.9987793,0.2164213657,443.9987793,0.2028093636,443.9987793,0.1931780577,443.9987793,0.1855811626,443.9987793,0.1754683703,443.9987793,0.1656228602,443.9987793,0.1573622823,443.9987793,0.1483622491,443.9987793,0.1403709352,443.9987793,0.1363227069,443.9987793,0.1278078258,443.9987793,0.111561954,443.9987793,0.1178888455,
442.9250793,0.2565376461,442.9250793,0.233331427,442.9250793,0.2173691839,442.9250793,0.2036698759,442.9250793,0.1953517795,442.9250793,0.1882786453,442.9250793,0.1782297194,442.9250793,0.1685214937,442.9250793,0.1608179361,442.9250793,0.1510998905,442.9250793,0.1439561844,442.9250793,0.1390078664,442.9250793,0.1316238791,442.9250793,0.116994001,442.9250793,0.122515887,
442.0045776,0.2489901632,442.0045776,0.2263935506,442.0045776,0.2113126069,442.0045776,0.1986670345,442.0045776,0.188802138,442.0045776,0.1825224161,442.0045776,0.1723889709,442.0045776,0.1622853279,442.0045776,0.155484423,442.0045776,0.1456777602,442.0045776,0.1396357715,442.0045776,0.133337304,442.0045776,0.1275816113,442.0045776,0.1185755581,442.0045776,0.1181195229,
440.930481,0.243621707,440.930481,0.2205644846,440.930481,0.2058001459,440.930481,0.1941137016,440.930481,0.184045732,440.930481,0.1779764444,440.930481,0.1678590029,440.930481,0.158261016,440.930481,0.1517830193,440.930481,0.1421648711,440.930481,0.1360187829,440.930481,0.1291375905,440.930481,0.1238227263,440.930481,0.1163158342,440.930481,0.1147624254,
440.0096741,0.2319143116,440.0096741,0.2089268565,440.0096741,0.1941680163,440.0096741,0.1830624491,440.0096741,0.1729192734,440.0096741,0.1677885354,440.0096741,0.1568506211,440.0096741,0.1473895013,440.0096741,0.1416444331,440.0096741,0.1316116452,440.0096741,0.1250933558,440.0096741,0.1182997376,440.0096741,0.1143437847,440.0096741,0.1055791974,440.0096741,0.1053786427,
438.9351807,0.223020792,438.9351807,0.2008648217,438.9351807,0.1863886118,438.9351807,0.1750606298,438.9351807,0.1661000699,438.9351807,0.1608054191,438.9351807,0.1499984413,438.9351807,0.1413920373,438.9351807,0.1359063685,438.9351807,0.1254425347,438.9351807,0.1185681447,438.9351807,0.1122988015,438.9351807,0.1092546061,438.9351807,0.09973413497,438.9351807,0.1002443954,
438.0140381,0.2171604633,438.0140381,0.1953915656,438.0140381,0.1817854345,438.0140381,0.1705960631,438.0140381,0.1617556065,438.0140381,0.1566996574,438.0140381,0.1456061453,438.0140381,0.1376560181,438.0140381,0.1327329725,438.0140381,0.1222999468,438.0140381,0.115699105,438.0140381,0.1091169715,438.0140381,0.1075450182,438.0140381,0.09728039801,438.0140381,0.09808302671,
436.9391785,0.2109197676,436.9391785,0.1901117712,436.9391785,0.1753424108,436.9391785,0.1644982249,436.9391785,0.1566958725,436.9391785,0.1513662189,436.9391785,0.1412133723,436.9391785,0.1331560165,436.9391785,0.1283041835,436.9391785,0.1182576567,436.9391785,0.1118714437,436.9391785,0.1051945686,436.9391785,0.1039198264,436.9391785,0.09428741038,436.9391785,0.09397567064,
436.0177002,0.205548957,436.0177002,0.1850272864,436.0177002,0.1710738987,436.0177002,0.1597325057,436.0177002,0.1528663337,436.0177002,0.1464935839,436.0177002,0.1373860538,436.0177002,0.1301706135,436.0177002,0.1254216284,436.0177002,0.1147429422,436.0177002,0.108658053,436.0177002,0.1020193174,436.0177002,0.1021406054,436.0177002,0.09186927974,436.0177002,0.09256908298,
434.9424438,0.198514089,434.9424438,0.1792858541,434.9424438,0.1655624062,434.9424438,0.1540459841,434.9424438,0.1473376751,434.9424438,0.1414585412,434.9424438,0.1329750866,434.9424438,0.1254760176,434.9424438,0.121073544,434.9424438,0.1105691642,434.9424438,0.1047741696,434.9424438,0.09832058847,434.9424438,0.09874537587,434.9424438,0.08821266145,434.9424438,0.08943592012,
434.0206299,0.193350777,434.0206299,0.1740095764,434.0206299,0.1612090617,434.0206299,0.1494428217,434.0206299,0.1434528679,434.0206299,0.1377813071,434.0206299,0.1295992434,434.0206299,0.1227118447,434.0206299,0.118111603,434.0206299,0.107099019,434.0206299,0.102391772,434.0206299,0.0952469483,434.0206299,0.09748871624,434.0206299,0.0853928104,434.0206299,0.08663019538,
432.9450073,0.1869652122,432.9450073,0.1680598408,432.9450073,0.1553888619,432.9450073,0.1437721401,432.9450073,0.1385028362,432.9450073,0.1325875223,432.9450073,0.1249586195,432.9450073,0.1176718026,432.9450073,0.114070937,432.9450073,0.104532823,432.9450073,0.09860642254,432.9450073,0.09249668568,432.9450073,0.09396773577,432.9450073,0.0815519318,432.9450073,0.08372663707,
432.0228882,0.181015864,432.0228882,0.1629845053,432.0228882,0.1504241228,432.0228882,0.139576301,432.0228882,0.133874163,432.0228882,0.128403157,432.0228882,0.1202890873,432.0228882,0.1146419123,432.0228882,0.11085058,432.0228882,0.101446934,432.0228882,0.09515676647,432.0228882,0.08914550394,432.0228882,0.09065048397,432.0228882,0.07871599495,432.0228882,0.08165470511,
430.9468689,0.1735319048,430.9468689,0.1564775854,430.9468689,0.1437952369,430.9468689,0.1336794794,430.9468689,0.128557682,430.9468689,0.1234085709,430.9468689,0.1147541627,430.9468689,0.1094899997,430.9468689,0.106154114,430.9468689,0.09728234261,430.9468689,0.09157023579,430.9468689,0.08578053117,430.9468689,0.08652829379,430.9468689,0.07517429441,430.9468689,0.07809670269,
430.0244141,0.1687965542,430.0244141,0.1513877511,430.0244141,0.1400529742,430.0244141,0.1293540597,430.0244141,0.1248058751,430.0244141,0.119165197,430.0244141,0.1115082428,430.0244141,0.1064358503,430.0244141,0.1036178917,430.0244141,0.09472745657,430.0244141,0.08839353919,430.0244141,0.08247125149,430.0244141,0.08330063522,430.0244141,0.07299628854,430.0244141,0.07581969351,
428.9480286,0.163942948,428.9480286,0.1473834962,428.9480286,0.1357555389,428.9480286,0.1251500547,428.9480286,0.1210057139,428.9480286,0.1152046919,428.9480286,0.108822681,428.9480286,0.103189826,428.9480286,0.1014422923,428.9480286,0.09167857468,428.9480286,0.08557005972,428.9480286,0.08124461025,428.9480286,0.08080077171,428.9480286,0.07104981691,428.9480286,0.0740192309,
428.0252686,0.1587245017,428.0252686,0.1431955248,428.0252686,0.1310057193,428.0252686,0.1211955473,428.0252686,0.1183440983,428.0252686,0.1116733849,428.0252686,0.1049738228,428.0252686,0.09972778708,428.0252686,0.09890072793,428.0252686,0.08906926215,428.0252686,0.08406957984,428.0252686,0.07867128402,428.0252686,0.0785298571,428.0252686,0.06381932646,428.0252686,0.07218905538,
426.9484863,0.1531989872,426.9484863,0.1380466372,426.9484863,0.1258516759,426.9484863,0.1163957641,426.9484863,0.1138001159,426.9484863,0.1073724553,426.9484863,0.101018846,426.9484863,0.09588377178,426.9484863,0.09593965858,426.9484863,0.08616844565,426.9484863,0.08141168952,426.9484863,0.07543540001,426.9484863,0.0755244717,426.9484863,0.05653708056,426.9484863,0.06999059021,
426.0253906,0.1482236385,426.0253906,0.1334998012,426.0253906,0.1222008839,426.0253906,0.11275585,426.0253906,0.1102124304,426.0253906,0.1044073775,426.0253906,0.09796643257,426.0253906,0.0926354304,426.0253906,0.09286631644,426.0253906,0.08299496025,426.0253906,0.07927361876,426.0253906,0.07326264679,426.0253906,0.07345570624,426.0253906,0.05437385291,426.0253906,0.06780898571,
424.9482727,0.1428812742,424.9482727,0.12938568,424.9482727,0.1176660657,424.9482727,0.1084444746,424.9482727,0.105540216,424.9482727,0.1005328,424.9482727,0.09389934689,424.9482727,0.08914286643,424.9482727,0.08923098445,424.9482727,0.08011627197,424.9482727,0.0771548003,424.9482727,0.07075215876,424.9482727,0.07072022557,424.9482727,0.05339385197,424.9482727,0.06588232517,
424.0248413,0.1383343637,424.0248413,0.1237457916,424.0248413,0.1137571856,424.0248413,0.1043184698,424.0248413,0.1019465104,424.0248413,0.0971282497,424.0248413,0.09133490175,424.0248413,0.08583825082,424.0248413,0.08669517189,424.0248413,0.07718247175,424.0248413,0.07451233268,424.0248413,0.06834150106,424.0248413,0.06850770861,424.0248413,0.05487186834,424.0248413,0.06340197474,
422.9473572,0.133190006,422.9473572,0.1129282489,422.9473572,0.1092074662,422.9473572,0.1002939939,422.9473572,0.09767612815,422.9473572,0.09303041548,422.9473572,0.08729339391,422.9473572,0.08217185736,422.9473572,0.08225790411,422.9473572,0.07371488959,422.9473572,0.07099403441,422.9473572,0.06612041593,422.9473572,0.06594225019,422.9473572,0.05551959574,422.9473572,0.06135403737,
422.0236206,0.128055796,422.0236206,0.1113996655,422.0236206,0.1040978655,422.0236206,0.09699288011,422.0236206,0.09332064539,422.0236206,0.08950614929,422.0236206,0.08361465484,422.0236206,0.07897774875,422.0236206,0.07803678513,422.0236206,0.07059285045,422.0236206,0.06868708879,422.0236206,0.06312291324,422.0236206,0.06357688457,422.0236206,0.05598688498,422.0236206,0.0592375882,
420.9457397,0.1231616288,420.9457397,0.1109792367,420.9457397,0.1001623347,420.9457397,0.0921490714,420.9457397,0.08915472776,420.9457397,0.0859470889,420.9457397,0.07971593738,420.9457397,0.07434340566,420.9457397,0.07425485551,420.9457397,0.06736583263,420.9457397,0.06593082845,420.9457397,0.06129343063,420.9457397,0.05982614681,420.9457397,0.05388622731,420.9457397,0.05745438486,
420.021698,0.1190720499,420.021698,0.1076289192,420.021698,0.09683565795,420.021698,0.08853774518,420.021698,0.08610859513,420.021698,0.0832022056,420.021698,0.07729265839,420.021698,0.07222888619,420.021698,0.07067815959,420.021698,0.06509868801,420.021698,0.06415278465,420.021698,0.05928657576,420.021698,0.05670385063,420.021698,0.05190363526,420.021698,0.05599286407,
418.9434509,0.1150447801,418.9434509,0.1029819027,418.9434509,0.09304475039,418.9434509,0.08502659202,418.9434509,0.08336859196,418.9434509,0.08024666458,418.9434509,0.07495967299,418.9434509,0.07029954344,418.9434509,0.06761720777,418.9434509,0.06309264898,418.9434509,0.06286952645,418.9434509,0.05649548024,418.9434509,0.05493763462,418.9434509,0.05064725876,418.9434509,0.05441287532,
418.0190735,0.1094687134,418.0190735,0.09811972082,418.0190735,0.0881812349,418.0190735,0.08029016852,418.0190735,0.07962627709,418.0190735,0.07619439065,418.0190735,0.07119224966,418.0190735,0.06597777456,418.0190735,0.06362202018,418.0190735,0.05917288736,418.0190735,0.06004016474,418.0190735,0.05460281298,418.0190735,0.05228601769,418.0190735,0.04829351977,418.0190735,0.05115496367,
416.9404602,0.1047480777,416.9404602,0.09430429339,416.9404602,0.08488823473,416.9404602,0.07723074406,416.9404602,0.07665251195,416.9404602,0.07313598692,416.9404602,0.06815193594,416.9404602,0.06341291219,416.9404602,0.06073679402,416.9404602,0.05753990263,416.9404602,0.05735735968,416.9404602,0.05254536867,416.9404602,0.04992845282,416.9404602,0.04646822065,416.9404602,0.05025617406,
416.0157776,0.1002398953,416.0157776,0.09071545303,416.0157776,0.08102297783,416.0157776,0.0739107281,416.0157776,0.0745915994,416.0157776,0.07013045251,416.0157776,0.0655361861,416.0157776,0.06025265157,416.0157776,0.05789604783,416.0157776,0.05508436635,416.0157776,0.05576823279,416.0157776,0.05045494437,416.0157776,0.04781784117,416.0157776,0.04511833191,416.0157776,0.04854149744,
414.9368286,0.09638590366,414.9368286,0.08676878363,414.9368286,0.07753873616,414.9368286,0.07063289732,414.9368286,0.06903813779,414.9368286,0.0669214502,414.9368286,0.06215480343,414.9368286,0.05870372802,414.9368286,0.05507446453,414.9368286,0.05332366005,414.9368286,0.05367727205,414.9368286,0.04868970439,414.9368286,0.04581255466,414.9368286,0.04278148711,414.9368286,0.04650849849,
414.0118408,0.09289298952,414.0118408,0.08427584171,414.0118408,0.07458925992,414.0118408,0.06813409925,414.0118408,0.06753566861,414.0118408,0.06418426335,414.0118408,0.06073566154,414.0118408,0.05668957531,414.0118408,0.05316301063,414.0118408,0.05182429403,414.0118408,0.05244038254,414.0118408,0.04743475467,414.0118408,0.0442495048,414.0118408,0.04148385674,414.0118408,0.04599048197,
412.9324951,0.08957798779,412.9324951,0.08065509051,412.9324951,0.07137133181,412.9324951,0.06459581852,412.9324951,0.06703899801,412.9324951,0.06127792969,412.9324951,0.05834304169,412.9324951,0.05476602167,412.9324951,0.05073359981,412.9324951,0.05039636418,412.9324951,0.05015348271,412.9324951,0.04588318244,412.9324951,0.04269159958,412.9324951,0.03997805715,412.9324951,0.04460532218,
412.0072021,0.08479665965,412.0072021,0.07691367716,412.0072021,0.06812629104,412.0072021,0.06239692867,412.0072021,0.0636349991,412.0072021,0.058412835,412.0072021,0.05526601523,412.0072021,0.05226750672,412.0072021,0.04824604839,412.0072021,0.04815412685,412.0072021,0.04807396233,412.0072021,0.04422133043,412.0072021,0.04074092209,412.0072021,0.03943414241,412.0072021,0.04289413616,
410.9274902,0.08091898263,410.9274902,0.07371038198,410.9274902,0.06493741274,410.9274902,0.0589658469,410.9274902,0.06062585115,410.9274902,0.05591580272,410.9274902,0.0529508926,410.9274902,0.05025437474,410.9274902,0.0461694859,410.9274902,0.04637624323,410.9274902,0.04619248956,410.9274902,0.04352034256,410.9274902,0.03669075668,410.9274902,0.03783224151,410.9274902,0.04120409861,
410.0018921,0.07812375575,410.0018921,0.07099558413,410.0018921,0.06197347492,410.0018921,0.05658487976,410.0018921,0.05793784186,410.0018921,0.05337075517,410.0018921,0.05052458495,410.0018921,0.04862660915,410.0018921,0.04398706555,410.0018921,0.04544540122,410.0018921,0.04477598146,410.0018921,0.04345756397,410.0018921,0.02783780359,410.0018921,0.03688701987,410.0018921,0.04073438421,
409.0761414,0.07581799477,409.0761414,0.06772172451,409.0761414,0.05921317264,409.0761414,0.05453727022,409.0761414,0.05605188012,409.0761414,0.05200525373,409.0761414,0.04935303703,409.0761414,0.04746400192,409.0761414,0.04273447022,409.0761414,0.04430408031,409.0761414,0.04371003807,409.0761414,0.03938196227,409.0761414,0.02644081041,409.0761414,0.03584417701,409.0761414,0.03927072883,
407.9959106,0.07231543958,407.9959106,0.06518509239,407.9959106,0.05643188953,407.9959106,0.05220535025,407.9959106,0.05399748683,407.9959106,0.04945063591,407.9959106,0.04656339064,407.9959106,0.04613865167,407.9959106,0.04134298861,407.9959106,0.04275060818,407.9959106,0.04275137931,407.9959106,0.0363747701,407.9959106,0.02794371545,407.9959106,0.03471361846,407.9959106,0.03884632513,
407.0698547,0.06816384196,407.0698547,0.06169897318,407.0698547,0.05383362621,407.0698547,0.04890676215,407.0698547,0.0515207164,407.0698547,0.04708359018,407.0698547,0.04521524161,407.0698547,0.04428542033,407.0698547,0.03952415287,407.0698547,0.04069355875,407.0698547,0.04102004319,407.0698547,0.03226211667,407.0698547,0.0317869857,407.0698547,0.03369995207,407.0698547,0.03771358356,
405.9892578,0.0654592514,405.9892578,0.06003421918,405.9892578,0.05010691285,405.9892578,0.04699419439,405.9892578,0.04902167618,405.9892578,0.04528784007,405.9892578,0.04336413369,405.9892578,0.04266118631,405.9892578,0.03742410615,405.9892578,0.03806041181,405.9892578,0.04063795507,405.9892578,0.02702547982,405.9892578,0.03240863606,405.9892578,0.03308111802,405.9892578,0.03652454168,
405.0628967,0.06204582378,405.0628967,0.05736799538,405.0628967,0.04940648749,405.0628967,0.04503887147,405.0628967,0.04714469984,405.0628967,0.04335068911,405.0628967,0.04253135249,405.0628967,0.04181458429,405.0628967,0.03617032617,405.0628967,0.03692602366,405.0628967,0.0388895832,405.0628967,0.02795450948,405.0628967,0.03171129152,405.0628967,0.03255924582,405.0628967,0.03627390042,
403.9819641,0.05964151025,403.9819641,0.05470805988,403.9819641,0.04619303718,403.9819641,0.04219905287,403.9819641,0.04460110515,403.9819641,0.04114424437,403.9819641,0.04047945887,403.9819641,0.0397101827,403.9819641,0.03506167978,403.9819641,0.03549973294,403.9819641,0.03767789528,403.9819641,0.02870214172,403.9819641,0.03022775427,403.9819641,0.03202476725,403.9819641,0.03522798046,
403.0552979,0.05759641156,403.0552979,0.05262370408,403.0552979,0.0449414812,403.0552979,0.04101711139,403.0552979,0.04204066843,403.0552979,0.0403870903,403.0552979,0.0399778299,403.0552979,0.03843350708,403.0552979,0.03457178921,403.0552979,0.03415853158,403.0552979,0.03654044867,403.0552979,0.03123937733,403.0552979,0.02987314761,403.0552979,0.03216055408,403.0552979,0.03439887241,
401.973999,0.05442657694,401.973999,0.05032305047,401.973999,0.04228878021,401.973999,0.03857284039,401.973999,0.04069910198,401.973999,0.03930586576,401.973999,0.03840748966,401.973999,0.03665168956,401.973999,0.03318736702,401.973999,0.03290058672,401.973999,0.03514407948,401.973999,0.0318252854,401.973999,0.02972709388,401.973999,0.03217661008,401.973999,0.03417222574,
401.0470276,0.05204140767,401.0470276,0.04906740785,401.0470276,0.04060387611,401.0470276,0.03652682155,401.0470276,0.03836747259,401.0470276,0.03802755103,401.0470276,0.03769559786,401.0470276,0.03519086912,401.0470276,0.03254543617,401.0470276,0.03180146962,401.0470276,0.03455415741,401.0470276,0.03157934546,401.0470276,0.02993138321,401.0470276,0.03078373149,401.0470276,0.03422507271,
399.9653931,0.04936843738,399.9653931,0.04650270939,399.9653931,0.03823685646,399.9653931,0.03429689258,399.9653931,0.03656410426,399.9653931,0.03621191159,399.9653931,0.03584094346,399.9653931,0.03414083272,399.9653931,0.03125320375,399.9653931,0.03036356531,399.9653931,0.03291022032,399.9653931,0.03411927074,399.9653931,0.03027168848,399.9653931,0.03160782531,399.9653931,0.03383489326,
,,,,,,,,,,,,,,,,,,,,,,,,,,,,,,
sample3,,,,,,,,,,,,,,,,,,,,,,,,,,,,,,
sample3,,,,,,,,,,,,,,,,,,,,,,,,,,,,,,
Collection Time: 11/10/2009 3:53:26 PM,,,,,,,,,,,,,,,,,,,,,,,,,,,,,,
Operator Name  :,,,,,,,,,,,,,,,,,,,,,,,,,,,,,,
Scan Software Version: 3.00(339),,,,,,,,,,,,,,,,,,,,,,,,,,,,,,
Parameter List :,,,,,,,,,,,,,,,,,,,,,,,,,,,,,,
Instrument                        Cary 50,,,,,,,,,,,,,,,,,,,,,,,,,,,,,,
Instrument Version                3.00,,,,,,,,,,,,,,,,,,,,,,,,,,,,,,
Start (nm)                        550.0,,,,,,,,,,,,,,,,,,,,,,,,,,,,,,
Stop (nm)                         400.0,,,,,,,,,,,,,,,,,,,,,,,,,,,,,,
X Mode                            Nanometers,,,,,,,,,,,,,,,,,,,,,,,,,,,,,,
Y Mode                            Abs,,,,,,,,,,,,,,,,,,,,,,,,,,,,,,
UV-Vis Scan Rate (nm/min)         600.00,,,,,,,,,,,,,,,,,,,,,,,,,,,,,,
UV-Vis Data Interval (nm)         1.00,,,,,,,,,,,,,,,,,,,,,,,,,,,,,,
UV-Vis Ave. Time (sec)            0.1000,,,,,,,,,,,,,,,,,,,,,,,,,,,,,,
Beam Mode                         Dual Beam,,,,,,,,,,,,,,,,,,,,,,,,,,,,,,
Baseline Correction               On,,,,,,,,,,,,,,,,,,,,,,,,,,,,,,
Baseline Type                     Baseline correction,,,,,,,,,,,,,,,,,,,,,,,,,,,,,,
Baseline File Name,,,,,,,,,,,,,,,,,,,,,,,,,,,,,,
Baseline Std Ref File Name,,,,,,,,,,,,,,,,,,,,,,,,,,,,,,
Cycle Mode                        Off,,,,,,,,,,,,,,,,,,,,,,,,,,,,,,
Comments,,,,,,,,,,,,,,,,,,,,,,,,,,,,,,
Method Log     :,,,,,,,,,,,,,,,,,,,,,,,,,,,,,,
Method Name    :,,,,,,,,,,,,,,,,,,,,,,,,,,,,,,
Date/Time stamp: 11/10/2009 3:45:02 PM,,,,,,,,,,,,,,,,,,,,,,,,,,,,,,
Method Modifications:,,,,,,,,,,,,,,,,,,,,,,,,,,,,,,
UVVIS SAT Changed: 11/10/2009 3:49:44 PM,Old:0.0125,New:0.1000,,,,,,,,,,,,,,,,,,,,,,,,,,,,
Common SAT Changed: 11/10/2009 3:49:44 PM,Old:0.0125,New:0.1000,,,,,,,,,,,,,,,,,,,,,,,,,,,,
X Start nm Changed: 11/10/2009 3:49:48 PM,Old:  800.0,New:  550.0,,,,,,,,,,,,,,,,,,,,,,,,,,,,
X Stop nm Changed: 11/10/2009 3:49:48 PM,Old:  200.0,New:  400.0,,,,,,,,,,,,,,,,,,,,,,,,,,,,
Common Interval nm Changed: 11/10/2009 3:49:48 PM,Old:     5.00,New:     1.00,,,,,,,,,,,,,,,,,,,,,,,,,,,,
Baseline Correction Changed: 11/10/2009 3:49:48 PM,Old:0,New:1,,,,,,,,,,,,,,,,,,,,,,,,,,,,
End Method Modifications,,,,,,,,,,,,,,,,,,,,,,,,,,,,,,
<Current Wavelength> ,402.0,,,,,,,,,,,,,,,,,,,,,,,,,,,,,
,,,,,,,,,,,,,,,,,,,,,,,,,,,,,,
sample4,,,,,,,,,,,,,,,,,,,,,,,,,,,,,,
sample4,,,,,,,,,,,,,,,,,,,,,,,,,,,,,,
Collection Time: 11/10/2009 3:55:57 PM,,,,,,,,,,,,,,,,,,,,,,,,,,,,,,
Operator Name  :,,,,,,,,,,,,,,,,,,,,,,,,,,,,,,
Scan Software Version: 3.00(339),,,,,,,,,,,,,,,,,,,,,,,,,,,,,,
Parameter List :,,,,,,,,,,,,,,,,,,,,,,,,,,,,,,
Instrument                        Cary 50,,,,,,,,,,,,,,,,,,,,,,,,,,,,,,
Instrument Version                3.00,,,,,,,,,,,,,,,,,,,,,,,,,,,,,,
Start (nm)                        550.0,,,,,,,,,,,,,,,,,,,,,,,,,,,,,,
Stop (nm)                         400.0,,,,,,,,,,,,,,,,,,,,,,,,,,,,,,
X Mode                            Nanometers,,,,,,,,,,,,,,,,,,,,,,,,,,,,,,
Y Mode                            Abs,,,,,,,,,,,,,,,,,,,,,,,,,,,,,,
UV-Vis Scan Rate (nm/min)         600.00,,,,,,,,,,,,,,,,,,,,,,,,,,,,,,
UV-Vis Data Interval (nm)         1.00,,,,,,,,,,,,,,,,,,,,,,,,,,,,,,
UV-Vis Ave. Time (sec)            0.1000,,,,,,,,,,,,,,,,,,,,,,,,,,,,,,
Beam Mode                         Dual Beam,,,,,,,,,,,,,,,,,,,,,,,,,,,,,,
Baseline Correction               On,,,,,,,,,,,,,,,,,,,,,,,,,,,,,,
Baseline Type                     Baseline correction,,,,,,,,,,,,,,,,,,,,,,,,,,,,,,
Baseline File Name,,,,,,,,,,,,,,,,,,,,,,,,,,,,,,
Baseline Std Ref File Name,,,,,,,,,,,,,,,,,,,,,,,,,,,,,,
Cycle Mode                        Off,,,,,,,,,,,,,,,,,,,,,,,,,,,,,,
Comments,,,,,,,,,,,,,,,,,,,,,,,,,,,,,,
Method Log     :,,,,,,,,,,,,,,,,,,,,,,,,,,,,,,
Method Name    :,,,,,,,,,,,,,,,,,,,,,,,,,,,,,,
Date/Time stamp: 11/10/2009 3:45:02 PM,,,,,,,,,,,,,,,,,,,,,,,,,,,,,,
Method Modifications:,,,,,,,,,,,,,,,,,,,,,,,,,,,,,,
UVVIS SAT Changed: 11/10/2009 3:49:44 PM,Old:0.0125,New:0.1000,,,,,,,,,,,,,,,,,,,,,,,,,,,,
Common SAT Changed: 11/10/2009 3:49:44 PM,Old:0.0125,New:0.1000,,,,,,,,,,,,,,,,,,,,,,,,,,,,
X Start nm Changed: 11/10/2009 3:49:48 PM,Old:  800.0,New:  550.0,,,,,,,,,,,,,,,,,,,,,,,,,,,,
X Stop nm Changed: 11/10/2009 3:49:48 PM,Old:  200.0,New:  400.0,,,,,,,,,,,,,,,,,,,,,,,,,,,,
Common Interval nm Changed: 11/10/2009 3:49:48 PM,Old:     5.00,New:     1.00,,,,,,,,,,,,,,,,,,,,,,,,,,,,
Baseline Correction Changed: 11/10/2009 3:49:48 PM,Old:0,New:1,,,,,,,,,,,,,,,,,,,,,,,,,,,,
End Method Modifications,,,,,,,,,,,,,,,,,,,,,,,,,,,,,,
<Current Wavelength> ,402.0,,,,,,,,,,,,,,,,,,,,,,,,,,,,,
,,,,,,,,,,,,,,,,,,,,,,,,,,,,,,
sample5,,,,,,,,,,,,,,,,,,,,,,,,,,,,,,
sample5,,,,,,,,,,,,,,,,,,,,,,,,,,,,,,
Collection Time: 11/10/2009 3:57:58 PM,,,,,,,,,,,,,,,,,,,,,,,,,,,,,,
Operator Name  :,,,,,,,,,,,,,,,,,,,,,,,,,,,,,,
Scan Software Version: 3.00(339),,,,,,,,,,,,,,,,,,,,,,,,,,,,,,
Parameter List :,,,,,,,,,,,,,,,,,,,,,,,,,,,,,,
Instrument                        Cary 50,,,,,,,,,,,,,,,,,,,,,,,,,,,,,,
Instrument Version                3.00,,,,,,,,,,,,,,,,,,,,,,,,,,,,,,
Start (nm)                        550.0,,,,,,,,,,,,,,,,,,,,,,,,,,,,,,
Stop (nm)                         400.0,,,,,,,,,,,,,,,,,,,,,,,,,,,,,,
X Mode                            Nanometers,,,,,,,,,,,,,,,,,,,,,,,,,,,,,,
Y Mode                            Abs,,,,,,,,,,,,,,,,,,,,,,,,,,,,,,
UV-Vis Scan Rate (nm/min)         600.00,,,,,,,,,,,,,,,,,,,,,,,,,,,,,,
UV-Vis Data Interval (nm)         1.00,,,,,,,,,,,,,,,,,,,,,,,,,,,,,,
UV-Vis Ave. Time (sec)            0.1000,,,,,,,,,,,,,,,,,,,,,,,,,,,,,,
Beam Mode                         Dual Beam,,,,,,,,,,,,,,,,,,,,,,,,,,,,,,
Baseline Correction               On,,,,,,,,,,,,,,,,,,,,,,,,,,,,,,
Baseline Type                     Baseline correction,,,,,,,,,,,,,,,,,,,,,,,,,,,,,,
Baseline File Name,,,,,,,,,,,,,,,,,,,,,,,,,,,,,,
Baseline Std Ref File Name,,,,,,,,,,,,,,,,,,,,,,,,,,,,,,
Cycle Mode                        Off,,,,,,,,,,,,,,,,,,,,,,,,,,,,,,
Comments,,,,,,,,,,,,,,,,,,,,,,,,,,,,,,
Method Log     :,,,,,,,,,,,,,,,,,,,,,,,,,,,,,,
Method Name    :,,,,,,,,,,,,,,,,,,,,,,,,,,,,,,
Date/Time stamp: 11/10/2009 3:45:02 PM,,,,,,,,,,,,,,,,,,,,,,,,,,,,,,
Method Modifications:,,,,,,,,,,,,,,,,,,,,,,,,,,,,,,
UVVIS SAT Changed: 11/10/2009 3:49:44 PM,Old:0.0125,New:0.1000,,,,,,,,,,,,,,,,,,,,,,,,,,,,
Common SAT Changed: 11/10/2009 3:49:44 PM,Old:0.0125,New:0.1000,,,,,,,,,,,,,,,,,,,,,,,,,,,,
X Start nm Changed: 11/10/2009 3:49:48 PM,Old:  800.0,New:  550.0,,,,,,,,,,,,,,,,,,,,,,,,,,,,
X Stop nm Changed: 11/10/2009 3:49:48 PM,Old:  200.0,New:  400.0,,,,,,,,,,,,,,,,,,,,,,,,,,,,
Common Interval nm Changed: 11/10/2009 3:49:48 PM,Old:     5.00,New:     1.00,,,,,,,,,,,,,,,,,,,,,,,,,,,,
Baseline Correction Changed: 11/10/2009 3:49:48 PM,Old:0,New:1,,,,,,,,,,,,,,,,,,,,,,,,,,,,
End Method Modifications,,,,,,,,,,,,,,,,,,,,,,,,,,,,,,
<Current Wavelength> ,402.0,,,,,,,,,,,,,,,,,,,,,,,,,,,,,
,,,,,,,,,,,,,,,,,,,,,,,,,,,,,,
sample6,,,,,,,,,,,,,,,,,,,,,,,,,,,,,,
sample6,,,,,,,,,,,,,,,,,,,,,,,,,,,,,,
Collection Time: 11/10/2009 3:59:34 PM,,,,,,,,,,,,,,,,,,,,,,,,,,,,,,
Operator Name  :,,,,,,,,,,,,,,,,,,,,,,,,,,,,,,
Scan Software Version: 3.00(339),,,,,,,,,,,,,,,,,,,,,,,,,,,,,,
Parameter List :,,,,,,,,,,,,,,,,,,,,,,,,,,,,,,
Instrument                        Cary 50,,,,,,,,,,,,,,,,,,,,,,,,,,,,,,
Instrument Version                3.00,,,,,,,,,,,,,,,,,,,,,,,,,,,,,,
Start (nm)                        550.0,,,,,,,,,,,,,,,,,,,,,,,,,,,,,,
Stop (nm)                         400.0,,,,,,,,,,,,,,,,,,,,,,,,,,,,,,
X Mode                            Nanometers,,,,,,,,,,,,,,,,,,,,,,,,,,,,,,
Y Mode                            Abs,,,,,,,,,,,,,,,,,,,,,,,,,,,,,,
UV-Vis Scan Rate (nm/min)         600.00,,,,,,,,,,,,,,,,,,,,,,,,,,,,,,
UV-Vis Data Interval (nm)         1.00,,,,,,,,,,,,,,,,,,,,,,,,,,,,,,
UV-Vis Ave. Time (sec)            0.1000,,,,,,,,,,,,,,,,,,,,,,,,,,,,,,
Beam Mode                         Dual Beam,,,,,,,,,,,,,,,,,,,,,,,,,,,,,,
Baseline Correction               On,,,,,,,,,,,,,,,,,,,,,,,,,,,,,,
Baseline Type                     Baseline correction,,,,,,,,,,,,,,,,,,,,,,,,,,,,,,
Baseline File Name,,,,,,,,,,,,,,,,,,,,,,,,,,,,,,
Baseline Std Ref File Name,,,,,,,,,,,,,,,,,,,,,,,,,,,,,,
Cycle Mode                        Off,,,,,,,,,,,,,,,,,,,,,,,,,,,,,,
Comments,,,,,,,,,,,,,,,,,,,,,,,,,,,,,,
Method Log     :,,,,,,,,,,,,,,,,,,,,,,,,,,,,,,
Method Name    :,,,,,,,,,,,,,,,,,,,,,,,,,,,,,,
Date/Time stamp: 11/10/2009 3:45:02 PM,,,,,,,,,,,,,,,,,,,,,,,,,,,,,,
Method Modifications:,,,,,,,,,,,,,,,,,,,,,,,,,,,,,,
UVVIS SAT Changed: 11/10/2009 3:49:44 PM,Old:0.0125,New:0.1000,,,,,,,,,,,,,,,,,,,,,,,,,,,,
Common SAT Changed: 11/10/2009 3:49:44 PM,Old:0.0125,New:0.1000,,,,,,,,,,,,,,,,,,,,,,,,,,,,
X Start nm Changed: 11/10/2009 3:49:48 PM,Old:  800.0,New:  550.0,,,,,,,,,,,,,,,,,,,,,,,,,,,,
X Stop nm Changed: 11/10/2009 3:49:48 PM,Old:  200.0,New:  400.0,,,,,,,,,,,,,,,,,,,,,,,,,,,,
Common Interval nm Changed: 11/10/2009 3:49:48 PM,Old:     5.00,New:     1.00,,,,,,,,,,,,,,,,,,,,,,,,,,,,
Baseline Correction Changed: 11/10/2009 3:49:48 PM,Old:0,New:1,,,,,,,,,,,,,,,,,,,,,,,,,,,,
End Method Modifications,,,,,,,,,,,,,,,,,,,,,,,,,,,,,,
<Current Wavelength> ,402.0,,,,,,,,,,,,,,,,,,,,,,,,,,,,,
,,,,,,,,,,,,,,,,,,,,,,,,,,,,,,
sample7,,,,,,,,,,,,,,,,,,,,,,,,,,,,,,
sample7,,,,,,,,,,,,,,,,,,,,,,,,,,,,,,
Collection Time: 11/10/2009 4:00:49 PM,,,,,,,,,,,,,,,,,,,,,,,,,,,,,,
Operator Name  :,,,,,,,,,,,,,,,,,,,,,,,,,,,,,,
Scan Software Version: 3.00(339),,,,,,,,,,,,,,,,,,,,,,,,,,,,,,
Parameter List :,,,,,,,,,,,,,,,,,,,,,,,,,,,,,,
Instrument                        Cary 50,,,,,,,,,,,,,,,,,,,,,,,,,,,,,,
Instrument Version                3.00,,,,,,,,,,,,,,,,,,,,,,,,,,,,,,
Start (nm)                        550.0,,,,,,,,,,,,,,,,,,,,,,,,,,,,,,
Stop (nm)                         400.0,,,,,,,,,,,,,,,,,,,,,,,,,,,,,,
X Mode                            Nanometers,,,,,,,,,,,,,,,,,,,,,,,,,,,,,,
Y Mode                            Abs,,,,,,,,,,,,,,,,,,,,,,,,,,,,,,
UV-Vis Scan Rate (nm/min)         600.00,,,,,,,,,,,,,,,,,,,,,,,,,,,,,,
UV-Vis Data Interval (nm)         1.00,,,,,,,,,,,,,,,,,,,,,,,,,,,,,,
UV-Vis Ave. Time (sec)            0.1000,,,,,,,,,,,,,,,,,,,,,,,,,,,,,,
Beam Mode                         Dual Beam,,,,,,,,,,,,,,,,,,,,,,,,,,,,,,
Baseline Correction               On,,,,,,,,,,,,,,,,,,,,,,,,,,,,,,
Baseline Type                     Baseline correction,,,,,,,,,,,,,,,,,,,,,,,,,,,,,,
Baseline File Name,,,,,,,,,,,,,,,,,,,,,,,,,,,,,,
Baseline Std Ref File Name,,,,,,,,,,,,,,,,,,,,,,,,,,,,,,
Cycle Mode                        Off,,,,,,,,,,,,,,,,,,,,,,,,,,,,,,
Comments,,,,,,,,,,,,,,,,,,,,,,,,,,,,,,
Method Log     :,,,,,,,,,,,,,,,,,,,,,,,,,,,,,,
Method Name    :,,,,,,,,,,,,,,,,,,,,,,,,,,,,,,
Date/Time stamp: 11/10/2009 3:45:02 PM,,,,,,,,,,,,,,,,,,,,,,,,,,,,,,
Method Modifications:,,,,,,,,,,,,,,,,,,,,,,,,,,,,,,
UVVIS SAT Changed: 11/10/2009 3:49:44 PM,Old:0.0125,New:0.1000,,,,,,,,,,,,,,,,,,,,,,,,,,,,
Common SAT Changed: 11/10/2009 3:49:44 PM,Old:0.0125,New:0.1000,,,,,,,,,,,,,,,,,,,,,,,,,,,,
X Start nm Changed: 11/10/2009 3:49:48 PM,Old:  800.0,New:  550.0,,,,,,,,,,,,,,,,,,,,,,,,,,,,
X Stop nm Changed: 11/10/2009 3:49:48 PM,Old:  200.0,New:  400.0,,,,,,,,,,,,,,,,,,,,,,,,,,,,
Common Interval nm Changed: 11/10/2009 3:49:48 PM,Old:     5.00,New:     1.00,,,,,,,,,,,,,,,,,,,,,,,,,,,,
Baseline Correction Changed: 11/10/2009 3:49:48 PM,Old:0,New:1,,,,,,,,,,,,,,,,,,,,,,,,,,,,
End Method Modifications,,,,,,,,,,,,,,,,,,,,,,,,,,,,,,
<Current Wavelength> ,402.0,,,,,,,,,,,,,,,,,,,,,,,,,,,,,
,,,,,,,,,,,,,,,,,,,,,,,,,,,,,,
sample8,,,,,,,,,,,,,,,,,,,,,,,,,,,,,,
sample8,,,,,,,,,,,,,,,,,,,,,,,,,,,,,,
Collection Time: 11/10/2009 4:01:56 PM,,,,,,,,,,,,,,,,,,,,,,,,,,,,,,
Operator Name  :,,,,,,,,,,,,,,,,,,,,,,,,,,,,,,
Scan Software Version: 3.00(339),,,,,,,,,,,,,,,,,,,,,,,,,,,,,,
Parameter List :,,,,,,,,,,,,,,,,,,,,,,,,,,,,,,
Instrument                        Cary 50,,,,,,,,,,,,,,,,,,,,,,,,,,,,,,
Instrument Version                3.00,,,,,,,,,,,,,,,,,,,,,,,,,,,,,,
Start (nm)                        550.0,,,,,,,,,,,,,,,,,,,,,,,,,,,,,,
Stop (nm)                         400.0,,,,,,,,,,,,,,,,,,,,,,,,,,,,,,
X Mode                            Nanometers,,,,,,,,,,,,,,,,,,,,,,,,,,,,,,
Y Mode                            Abs,,,,,,,,,,,,,,,,,,,,,,,,,,,,,,
UV-Vis Scan Rate (nm/min)         600.00,,,,,,,,,,,,,,,,,,,,,,,,,,,,,,
UV-Vis Data Interval (nm)         1.00,,,,,,,,,,,,,,,,,,,,,,,,,,,,,,
UV-Vis Ave. Time (sec)            0.1000,,,,,,,,,,,,,,,,,,,,,,,,,,,,,,
Beam Mode                         Dual Beam,,,,,,,,,,,,,,,,,,,,,,,,,,,,,,
Baseline Correction               On,,,,,,,,,,,,,,,,,,,,,,,,,,,,,,
Baseline Type                     Baseline correction,,,,,,,,,,,,,,,,,,,,,,,,,,,,,,
Baseline File Name,,,,,,,,,,,,,,,,,,,,,,,,,,,,,,
Baseline Std Ref File Name,,,,,,,,,,,,,,,,,,,,,,,,,,,,,,
Cycle Mode                        Off,,,,,,,,,,,,,,,,,,,,,,,,,,,,,,
Comments,,,,,,,,,,,,,,,,,,,,,,,,,,,,,,
Method Log     :,,,,,,,,,,,,,,,,,,,,,,,,,,,,,,
Method Name    :,,,,,,,,,,,,,,,,,,,,,,,,,,,,,,
Date/Time stamp: 11/10/2009 3:45:02 PM,,,,,,,,,,,,,,,,,,,,,,,,,,,,,,
Method Modifications:,,,,,,,,,,,,,,,,,,,,,,,,,,,,,,
UVVIS SAT Changed: 11/10/2009 3:49:44 PM,Old:0.0125,New:0.1000,,,,,,,,,,,,,,,,,,,,,,,,,,,,
Common SAT Changed: 11/10/2009 3:49:44 PM,Old:0.0125,New:0.1000,,,,,,,,,,,,,,,,,,,,,,,,,,,,
X Start nm Changed: 11/10/2009 3:49:48 PM,Old:  800.0,New:  550.0,,,,,,,,,,,,,,,,,,,,,,,,,,,,
X Stop nm Changed: 11/10/2009 3:49:48 PM,Old:  200.0,New:  400.0,,,,,,,,,,,,,,,,,,,,,,,,,,,,
Common Interval nm Changed: 11/10/2009 3:49:48 PM,Old:     5.00,New:     1.00,,,,,,,,,,,,,,,,,,,,,,,,,,,,
Baseline Correction Changed: 11/10/2009 3:49:48 PM,Old:0,New:1,,,,,,,,,,,,,,,,,,,,,,,,,,,,
End Method Modifications,,,,,,,,,,,,,,,,,,,,,,,,,,,,,,
<Current Wavelength> ,402.0,,,,,,,,,,,,,,,,,,,,,,,,,,,,,
,,,,,,,,,,,,,,,,,,,,,,,,,,,,,,
sample9,,,,,,,,,,,,,,,,,,,,,,,,,,,,,,
sample9,,,,,,,,,,,,,,,,,,,,,,,,,,,,,,
Collection Time: 11/10/2009 4:02:50 PM,,,,,,,,,,,,,,,,,,,,,,,,,,,,,,
Operator Name  :,,,,,,,,,,,,,,,,,,,,,,,,,,,,,,
Scan Software Version: 3.00(339),,,,,,,,,,,,,,,,,,,,,,,,,,,,,,
Parameter List :,,,,,,,,,,,,,,,,,,,,,,,,,,,,,,
Instrument                        Cary 50,,,,,,,,,,,,,,,,,,,,,,,,,,,,,,
Instrument Version                3.00,,,,,,,,,,,,,,,,,,,,,,,,,,,,,,
Start (nm)                        550.0,,,,,,,,,,,,,,,,,,,,,,,,,,,,,,
Stop (nm)                         400.0,,,,,,,,,,,,,,,,,,,,,,,,,,,,,,
X Mode                            Nanometers,,,,,,,,,,,,,,,,,,,,,,,,,,,,,,
Y Mode                            Abs,,,,,,,,,,,,,,,,,,,,,,,,,,,,,,
UV-Vis Scan Rate (nm/min)         600.00,,,,,,,,,,,,,,,,,,,,,,,,,,,,,,
UV-Vis Data Interval (nm)         1.00,,,,,,,,,,,,,,,,,,,,,,,,,,,,,,
UV-Vis Ave. Time (sec)            0.1000,,,,,,,,,,,,,,,,,,,,,,,,,,,,,,
Beam Mode                         Dual Beam,,,,,,,,,,,,,,,,,,,,,,,,,,,,,,
Baseline Correction               On,,,,,,,,,,,,,,,,,,,,,,,,,,,,,,
Baseline Type                     Baseline correction,,,,,,,,,,,,,,,,,,,,,,,,,,,,,,
Baseline File Name,,,,,,,,,,,,,,,,,,,,,,,,,,,,,,
Baseline Std Ref File Name,,,,,,,,,,,,,,,,,,,,,,,,,,,,,,
Cycle Mode                        Off,,,,,,,,,,,,,,,,,,,,,,,,,,,,,,
Comments,,,,,,,,,,,,,,,,,,,,,,,,,,,,,,
Method Log     :,,,,,,,,,,,,,,,,,,,,,,,,,,,,,,
Method Name    :,,,,,,,,,,,,,,,,,,,,,,,,,,,,,,
Date/Time stamp: 11/10/2009 3:45:02 PM,,,,,,,,,,,,,,,,,,,,,,,,,,,,,,
Method Modifications:,,,,,,,,,,,,,,,,,,,,,,,,,,,,,,
UVVIS SAT Changed: 11/10/2009 3:49:44 PM,Old:0.0125,New:0.1000,,,,,,,,,,,,,,,,,,,,,,,,,,,,
Common SAT Changed: 11/10/2009 3:49:44 PM,Old:0.0125,New:0.1000,,,,,,,,,,,,,,,,,,,,,,,,,,,,
X Start nm Changed: 11/10/2009 3:49:48 PM,Old:  800.0,New:  550.0,,,,,,,,,,,,,,,,,,,,,,,,,,,,
X Stop nm Changed: 11/10/2009 3:49:48 PM,Old:  200.0,New:  400.0,,,,,,,,,,,,,,,,,,,,,,,,,,,,
Common Interval nm Changed: 11/10/2009 3:49:48 PM,Old:     5.00,New:     1.00,,,,,,,,,,,,,,,,,,,,,,,,,,,,
Baseline Correction Changed: 11/10/2009 3:49:48 PM,Old:0,New:1,,,,,,,,,,,,,,,,,,,,,,,,,,,,
End Method Modifications,,,,,,,,,,,,,,,,,,,,,,,,,,,,,,
<Current Wavelength> ,402.0,,,,,,,,,,,,,,,,,,,,,,,,,,,,,
,,,,,,,,,,,,,,,,,,,,,,,,,,,,,,
sample10,,,,,,,,,,,,,,,,,,,,,,,,,,,,,,
sample10,,,,,,,,,,,,,,,,,,,,,,,,,,,,,,
Collection Time: 11/10/2009 4:04:03 PM,,,,,,,,,,,,,,,,,,,,,,,,,,,,,,
Operator Name  :,,,,,,,,,,,,,,,,,,,,,,,,,,,,,,
Scan Software Version: 3.00(339),,,,,,,,,,,,,,,,,,,,,,,,,,,,,,
Parameter List :,,,,,,,,,,,,,,,,,,,,,,,,,,,,,,
Instrument                        Cary 50,,,,,,,,,,,,,,,,,,,,,,,,,,,,,,
Instrument Version                3.00,,,,,,,,,,,,,,,,,,,,,,,,,,,,,,
Start (nm)                        550.0,,,,,,,,,,,,,,,,,,,,,,,,,,,,,,
Stop (nm)                         400.0,,,,,,,,,,,,,,,,,,,,,,,,,,,,,,
X Mode                            Nanometers,,,,,,,,,,,,,,,,,,,,,,,,,,,,,,
Y Mode                            Abs,,,,,,,,,,,,,,,,,,,,,,,,,,,,,,
UV-Vis Scan Rate (nm/min)         600.00,,,,,,,,,,,,,,,,,,,,,,,,,,,,,,
UV-Vis Data Interval (nm)         1.00,,,,,,,,,,,,,,,,,,,,,,,,,,,,,,
UV-Vis Ave. Time (sec)            0.1000,,,,,,,,,,,,,,,,,,,,,,,,,,,,,,
Beam Mode                         Dual Beam,,,,,,,,,,,,,,,,,,,,,,,,,,,,,,
Baseline Correction               On,,,,,,,,,,,,,,,,,,,,,,,,,,,,,,
Baseline Type                     Baseline correction,,,,,,,,,,,,,,,,,,,,,,,,,,,,,,
Baseline File Name,,,,,,,,,,,,,,,,,,,,,,,,,,,,,,
Baseline Std Ref File Name,,,,,,,,,,,,,,,,,,,,,,,,,,,,,,
Cycle Mode                        Off,,,,,,,,,,,,,,,,,,,,,,,,,,,,,,
Comments,,,,,,,,,,,,,,,,,,,,,,,,,,,,,,
Method Log     :,,,,,,,,,,,,,,,,,,,,,,,,,,,,,,
Method Name    :,,,,,,,,,,,,,,,,,,,,,,,,,,,,,,
Date/Time stamp: 11/10/2009 3:45:02 PM,,,,,,,,,,,,,,,,,,,,,,,,,,,,,,
Method Modifications:,,,,,,,,,,,,,,,,,,,,,,,,,,,,,,
UVVIS SAT Changed: 11/10/2009 3:49:44 PM,Old:0.0125,New:0.1000,,,,,,,,,,,,,,,,,,,,,,,,,,,,
Common SAT Changed: 11/10/2009 3:49:44 PM,Old:0.0125,New:0.1000,,,,,,,,,,,,,,,,,,,,,,,,,,,,
X Start nm Changed: 11/10/2009 3:49:48 PM,Old:  800.0,New:  550.0,,,,,,,,,,,,,,,,,,,,,,,,,,,,
X Stop nm Changed: 11/10/2009 3:49:48 PM,Old:  200.0,New:  400.0,,,,,,,,,,,,,,,,,,,,,,,,,,,,
Common Interval nm Changed: 11/10/2009 3:49:48 PM,Old:     5.00,New:     1.00,,,,,,,,,,,,,,,,,,,,,,,,,,,,
Baseline Correction Changed: 11/10/2009 3:49:48 PM,Old:0,New:1,,,,,,,,,,,,,,,,,,,,,,,,,,,,
End Method Modifications,,,,,,,,,,,,,,,,,,,,,,,,,,,,,,
<Current Wavelength> ,402.0,,,,,,,,,,,,,,,,,,,,,,,,,,,,,
,,,,,,,,,,,,,,,,,,,,,,,,,,,,,,
sample11,,,,,,,,,,,,,,,,,,,,,,,,,,,,,,
sample11,,,,,,,,,,,,,,,,,,,,,,,,,,,,,,
Collection Time: 11/10/2009 4:05:04 PM,,,,,,,,,,,,,,,,,,,,,,,,,,,,,,
Operator Name  :,,,,,,,,,,,,,,,,,,,,,,,,,,,,,,
Scan Software Version: 3.00(339),,,,,,,,,,,,,,,,,,,,,,,,,,,,,,
Parameter List :,,,,,,,,,,,,,,,,,,,,,,,,,,,,,,
Instrument                        Cary 50,,,,,,,,,,,,,,,,,,,,,,,,,,,,,,
Instrument Version                3.00,,,,,,,,,,,,,,,,,,,,,,,,,,,,,,
Start (nm)                        550.0,,,,,,,,,,,,,,,,,,,,,,,,,,,,,,
Stop (nm)                         400.0,,,,,,,,,,,,,,,,,,,,,,,,,,,,,,
X Mode                            Nanometers,,,,,,,,,,,,,,,,,,,,,,,,,,,,,,
Y Mode                            Abs,,,,,,,,,,,,,,,,,,,,,,,,,,,,,,
UV-Vis Scan Rate (nm/min)         600.00,,,,,,,,,,,,,,,,,,,,,,,,,,,,,,
UV-Vis Data Interval (nm)         1.00,,,,,,,,,,,,,,,,,,,,,,,,,,,,,,
UV-Vis Ave. Time (sec)            0.1000,,,,,,,,,,,,,,,,,,,,,,,,,,,,,,
Beam Mode                         Dual Beam,,,,,,,,,,,,,,,,,,,,,,,,,,,,,,
Baseline Correction               On,,,,,,,,,,,,,,,,,,,,,,,,,,,,,,
Baseline Type                     Baseline correction,,,,,,,,,,,,,,,,,,,,,,,,,,,,,,
Baseline File Name,,,,,,,,,,,,,,,,,,,,,,,,,,,,,,
Baseline Std Ref File Name,,,,,,,,,,,,,,,,,,,,,,,,,,,,,,
Cycle Mode                        Off,,,,,,,,,,,,,,,,,,,,,,,,,,,,,,
Comments,,,,,,,,,,,,,,,,,,,,,,,,,,,,,,
Method Log     :,,,,,,,,,,,,,,,,,,,,,,,,,,,,,,
Method Name    :,,,,,,,,,,,,,,,,,,,,,,,,,,,,,,
Date/Time stamp: 11/10/2009 3:45:02 PM,,,,,,,,,,,,,,,,,,,,,,,,,,,,,,
Method Modifications:,,,,,,,,,,,,,,,,,,,,,,,,,,,,,,
UVVIS SAT Changed: 11/10/2009 3:49:44 PM,Old:0.0125,New:0.1000,,,,,,,,,,,,,,,,,,,,,,,,,,,,
Common SAT Changed: 11/10/2009 3:49:44 PM,Old:0.0125,New:0.1000,,,,,,,,,,,,,,,,,,,,,,,,,,,,
X Start nm Changed: 11/10/2009 3:49:48 PM,Old:  800.0,New:  550.0,,,,,,,,,,,,,,,,,,,,,,,,,,,,
X Stop nm Changed: 11/10/2009 3:49:48 PM,Old:  200.0,New:  400.0,,,,,,,,,,,,,,,,,,,,,,,,,,,,
Common Interval nm Changed: 11/10/2009 3:49:48 PM,Old:     5.00,New:     1.00,,,,,,,,,,,,,,,,,,,,,,,,,,,,
Baseline Correction Changed: 11/10/2009 3:49:48 PM,Old:0,New:1,,,,,,,,,,,,,,,,,,,,,,,,,,,,
End Method Modifications,,,,,,,,,,,,,,,,,,,,,,,,,,,,,,
<Current Wavelength> ,402.0,,,,,,,,,,,,,,,,,,,,,,,,,,,,,
,,,,,,,,,,,,,,,,,,,,,,,,,,,,,,
sample12,,,,,,,,,,,,,,,,,,,,,,,,,,,,,,
sample12,,,,,,,,,,,,,,,,,,,,,,,,,,,,,,
Collection Time: 11/10/2009 4:06:08 PM,,,,,,,,,,,,,,,,,,,,,,,,,,,,,,
Operator Name  :,,,,,,,,,,,,,,,,,,,,,,,,,,,,,,
Scan Software Version: 3.00(339),,,,,,,,,,,,,,,,,,,,,,,,,,,,,,
Parameter List :,,,,,,,,,,,,,,,,,,,,,,,,,,,,,,
Instrument                        Cary 50,,,,,,,,,,,,,,,,,,,,,,,,,,,,,,
Instrument Version                3.00,,,,,,,,,,,,,,,,,,,,,,,,,,,,,,
Start (nm)                        550.0,,,,,,,,,,,,,,,,,,,,,,,,,,,,,,
Stop (nm)                         400.0,,,,,,,,,,,,,,,,,,,,,,,,,,,,,,
X Mode                            Nanometers,,,,,,,,,,,,,,,,,,,,,,,,,,,,,,
Y Mode                            Abs,,,,,,,,,,,,,,,,,,,,,,,,,,,,,,
UV-Vis Scan Rate (nm/min)         600.00,,,,,,,,,,,,,,,,,,,,,,,,,,,,,,
UV-Vis Data Interval (nm)         1.00,,,,,,,,,,,,,,,,,,,,,,,,,,,,,,
UV-Vis Ave. Time (sec)            0.1000,,,,,,,,,,,,,,,,,,,,,,,,,,,,,,
Beam Mode                         Dual Beam,,,,,,,,,,,,,,,,,,,,,,,,,,,,,,
Baseline Correction               On,,,,,,,,,,,,,,,,,,,,,,,,,,,,,,
Baseline Type                     Baseline correction,,,,,,,,,,,,,,,,,,,,,,,,,,,,,,
Baseline File Name,,,,,,,,,,,,,,,,,,,,,,,,,,,,,,
Baseline Std Ref File Name,,,,,,,,,,,,,,,,,,,,,,,,,,,,,,
Cycle Mode                        Off,,,,,,,,,,,,,,,,,,,,,,,,,,,,,,
Comments,,,,,,,,,,,,,,,,,,,,,,,,,,,,,,
Method Log     :,,,,,,,,,,,,,,,,,,,,,,,,,,,,,,
Method Name    :,,,,,,,,,,,,,,,,,,,,,,,,,,,,,,
Date/Time stamp: 11/10/2009 3:45:02 PM,,,,,,,,,,,,,,,,,,,,,,,,,,,,,,
Method Modifications:,,,,,,,,,,,,,,,,,,,,,,,,,,,,,,
UVVIS SAT Changed: 11/10/2009 3:49:44 PM,Old:0.0125,New:0.1000,,,,,,,,,,,,,,,,,,,,,,,,,,,,
Common SAT Changed: 11/10/2009 3:49:44 PM,Old:0.0125,New:0.1000,,,,,,,,,,,,,,,,,,,,,,,,,,,,
X Start nm Changed: 11/10/2009 3:49:48 PM,Old:  800.0,New:  550.0,,,,,,,,,,,,,,,,,,,,,,,,,,,,
X Stop nm Changed: 11/10/2009 3:49:48 PM,Old:  200.0,New:  400.0,,,,,,,,,,,,,,,,,,,,,,,,,,,,
Common Interval nm Changed: 11/10/2009 3:49:48 PM,Old:     5.00,New:     1.00,,,,,,,,,,,,,,,,,,,,,,,,,,,,
Baseline Correction Changed: 11/10/2009 3:49:48 PM,Old:0,New:1,,,,,,,,,,,,,,,,,,,,,,,,,,,,
End Method Modifications,,,,,,,,,,,,,,,,,,,,,,,,,,,,,,
<Current Wavelength> ,402.0,,,,,,,,,,,,,,,,,,,,,,,,,,,,,
,,,,,,,,,,,,,,,,,,,,,,,,,,,,,,
sample13,,,,,,,,,,,,,,,,,,,,,,,,,,,,,,
sample13,,,,,,,,,,,,,,,,,,,,,,,,,,,,,,
Collection Time: 11/10/2009 4:07:14 PM,,,,,,,,,,,,,,,,,,,,,,,,,,,,,,
Operator Name  :,,,,,,,,,,,,,,,,,,,,,,,,,,,,,,
Scan Software Version: 3.00(339),,,,,,,,,,,,,,,,,,,,,,,,,,,,,,
Parameter List :,,,,,,,,,,,,,,,,,,,,,,,,,,,,,,
Instrument                        Cary 50,,,,,,,,,,,,,,,,,,,,,,,,,,,,,,
Instrument Version                3.00,,,,,,,,,,,,,,,,,,,,,,,,,,,,,,
Start (nm)                        550.0,,,,,,,,,,,,,,,,,,,,,,,,,,,,,,
Stop (nm)                         400.0,,,,,,,,,,,,,,,,,,,,,,,,,,,,,,
X Mode                            Nanometers,,,,,,,,,,,,,,,,,,,,,,,,,,,,,,
Y Mode                            Abs,,,,,,,,,,,,,,,,,,,,,,,,,,,,,,
UV-Vis Scan Rate (nm/min)         600.00,,,,,,,,,,,,,,,,,,,,,,,,,,,,,,
UV-Vis Data Interval (nm)         1.00,,,,,,,,,,,,,,,,,,,,,,,,,,,,,,
UV-Vis Ave. Time (sec)            0.1000,,,,,,,,,,,,,,,,,,,,,,,,,,,,,,
Beam Mode                         Dual Beam,,,,,,,,,,,,,,,,,,,,,,,,,,,,,,
Baseline Correction               On,,,,,,,,,,,,,,,,,,,,,,,,,,,,,,
Baseline Type                     Baseline correction,,,,,,,,,,,,,,,,,,,,,,,,,,,,,,
Baseline File Name,,,,,,,,,,,,,,,,,,,,,,,,,,,,,,
Baseline Std Ref File Name,,,,,,,,,,,,,,,,,,,,,,,,,,,,,,
Cycle Mode                        Off,,,,,,,,,,,,,,,,,,,,,,,,,,,,,,
Comments,,,,,,,,,,,,,,,,,,,,,,,,,,,,,,
Method Log     :,,,,,,,,,,,,,,,,,,,,,,,,,,,,,,
Method Name    :,,,,,,,,,,,,,,,,,,,,,,,,,,,,,,
Date/Time stamp: 11/10/2009 3:45:02 PM,,,,,,,,,,,,,,,,,,,,,,,,,,,,,,
Method Modifications:,,,,,,,,,,,,,,,,,,,,,,,,,,,,,,
UVVIS SAT Changed: 11/10/2009 3:49:44 PM,Old:0.0125,New:0.1000,,,,,,,,,,,,,,,,,,,,,,,,,,,,
Common SAT Changed: 11/10/2009 3:49:44 PM,Old:0.0125,New:0.1000,,,,,,,,,,,,,,,,,,,,,,,,,,,,
X Start nm Changed: 11/10/2009 3:49:48 PM,Old:  800.0,New:  550.0,,,,,,,,,,,,,,,,,,,,,,,,,,,,
X Stop nm Changed: 11/10/2009 3:49:48 PM,Old:  200.0,New:  400.0,,,,,,,,,,,,,,,,,,,,,,,,,,,,
Common Interval nm Changed: 11/10/2009 3:49:48 PM,Old:     5.00,New:     1.00,,,,,,,,,,,,,,,,,,,,,,,,,,,,
Baseline Correction Changed: 11/10/2009 3:49:48 PM,Old:0,New:1,,,,,,,,,,,,,,,,,,,,,,,,,,,,
End Method Modifications,,,,,,,,,,,,,,,,,,,,,,,,,,,,,,
<Current Wavelength> ,402.0,,,,,,,,,,,,,,,,,,,,,,,,,,,,,
,,,,,,,,,,,,,,,,,,,,,,,,,,,,,,
sample14,,,,,,,,,,,,,,,,,,,,,,,,,,,,,,
sample14,,,,,,,,,,,,,,,,,,,,,,,,,,,,,,
Collection Time: 11/10/2009 4:08:10 PM,,,,,,,,,,,,,,,,,,,,,,,,,,,,,,
Operator Name  :,,,,,,,,,,,,,,,,,,,,,,,,,,,,,,
Scan Software Version: 3.00(339),,,,,,,,,,,,,,,,,,,,,,,,,,,,,,
Parameter List :,,,,,,,,,,,,,,,,,,,,,,,,,,,,,,
Instrument                        Cary 50,,,,,,,,,,,,,,,,,,,,,,,,,,,,,,
Instrument Version                3.00,,,,,,,,,,,,,,,,,,,,,,,,,,,,,,
Start (nm)                        550.0,,,,,,,,,,,,,,,,,,,,,,,,,,,,,,
Stop (nm)                         400.0,,,,,,,,,,,,,,,,,,,,,,,,,,,,,,
X Mode                            Nanometers,,,,,,,,,,,,,,,,,,,,,,,,,,,,,,
Y Mode                            Abs,,,,,,,,,,,,,,,,,,,,,,,,,,,,,,
UV-Vis Scan Rate (nm/min)         600.00,,,,,,,,,,,,,,,,,,,,,,,,,,,,,,
UV-Vis Data Interval (nm)         1.00,,,,,,,,,,,,,,,,,,,,,,,,,,,,,,
UV-Vis Ave. Time (sec)            0.1000,,,,,,,,,,,,,,,,,,,,,,,,,,,,,,
Beam Mode                         Dual Beam,,,,,,,,,,,,,,,,,,,,,,,,,,,,,,
Baseline Correction               On,,,,,,,,,,,,,,,,,,,,,,,,,,,,,,
Baseline Type                     Baseline correction,,,,,,,,,,,,,,,,,,,,,,,,,,,,,,
Baseline File Name,,,,,,,,,,,,,,,,,,,,,,,,,,,,,,
Baseline Std Ref File Name,,,,,,,,,,,,,,,,,,,,,,,,,,,,,,
Cycle Mode                        Off,,,,,,,,,,,,,,,,,,,,,,,,,,,,,,
Comments,,,,,,,,,,,,,,,,,,,,,,,,,,,,,,
Method Log     :,,,,,,,,,,,,,,,,,,,,,,,,,,,,,,
Method Name    :,,,,,,,,,,,,,,,,,,,,,,,,,,,,,,
Date/Time stamp: 11/10/2009 3:45:02 PM,,,,,,,,,,,,,,,,,,,,,,,,,,,,,,
Method Modifications:,,,,,,,,,,,,,,,,,,,,,,,,,,,,,,
UVVIS SAT Changed: 11/10/2009 3:49:44 PM,Old:0.0125,New:0.1000,,,,,,,,,,,,,,,,,,,,,,,,,,,,
Common SAT Changed: 11/10/2009 3:49:44 PM,Old:0.0125,New:0.1000,,,,,,,,,,,,,,,,,,,,,,,,,,,,
X Start nm Changed: 11/10/2009 3:49:48 PM,Old:  800.0,New:  550.0,,,,,,,,,,,,,,,,,,,,,,,,,,,,
X Stop nm Changed: 11/10/2009 3:49:48 PM,Old:  200.0,New:  400.0,,,,,,,,,,,,,,,,,,,,,,,,,,,,
Common Interval nm Changed: 11/10/2009 3:49:48 PM,Old:     5.00,New:     1.00,,,,,,,,,,,,,,,,,,,,,,,,,,,,
Baseline Correction Changed: 11/10/2009 3:49:48 PM,Old:0,New:1,,,,,,,,,,,,,,,,,,,,,,,,,,,,
End Method Modifications,,,,,,,,,,,,,,,,,,,,,,,,,,,,,,
<Current Wavelength> ,402.0,,,,,,,,,,,,,,,,,,,,,,,,,,,,,
,,,,,,,,,,,,,,,,,,,,,,,,,,,,,,
sample15,,,,,,,,,,,,,,,,,,,,,,,,,,,,,,
sample15,,,,,,,,,,,,,,,,,,,,,,,,,,,,,,
Collection Time: 11/10/2009 4:09:03 PM,,,,,,,,,,,,,,,,,,,,,,,,,,,,,,
Operator Name  :,,,,,,,,,,,,,,,,,,,,,,,,,,,,,,
Scan Software Version: 3.00(339),,,,,,,,,,,,,,,,,,,,,,,,,,,,,,
Parameter List :,,,,,,,,,,,,,,,,,,,,,,,,,,,,,,
Instrument                        Cary 50,,,,,,,,,,,,,,,,,,,,,,,,,,,,,,
Instrument Version                3.00,,,,,,,,,,,,,,,,,,,,,,,,,,,,,,
Start (nm)                        550.0,,,,,,,,,,,,,,,,,,,,,,,,,,,,,,
Stop (nm)                         400.0,,,,,,,,,,,,,,,,,,,,,,,,,,,,,,
X Mode                            Nanometers,,,,,,,,,,,,,,,,,,,,,,,,,,,,,,
Y Mode                            Abs,,,,,,,,,,,,,,,,,,,,,,,,,,,,,,
UV-Vis Scan Rate (nm/min)         600.00,,,,,,,,,,,,,,,,,,,,,,,,,,,,,,
UV-Vis Data Interval (nm)         1.00,,,,,,,,,,,,,,,,,,,,,,,,,,,,,,
UV-Vis Ave. Time (sec)            0.1000,,,,,,,,,,,,,,,,,,,,,,,,,,,,,,
Beam Mode                         Dual Beam,,,,,,,,,,,,,,,,,,,,,,,,,,,,,,
Baseline Correction               On,,,,,,,,,,,,,,,,,,,,,,,,,,,,,,
Baseline Type                     Baseline correction,,,,,,,,,,,,,,,,,,,,,,,,,,,,,,
Baseline File Name,,,,,,,,,,,,,,,,,,,,,,,,,,,,,,
Baseline Std Ref File Name,,,,,,,,,,,,,,,,,,,,,,,,,,,,,,
Cycle Mode                        Off,,,,,,,,,,,,,,,,,,,,,,,,,,,,,,
Comments,,,,,,,,,,,,,,,,,,,,,,,,,,,,,,
Method Log     :,,,,,,,,,,,,,,,,,,,,,,,,,,,,,,
Method Name    :,,,,,,,,,,,,,,,,,,,,,,,,,,,,,,
Date/Time stamp: 11/10/2009 3:45:02 PM,,,,,,,,,,,,,,,,,,,,,,,,,,,,,,
Method Modifications:,,,,,,,,,,,,,,,,,,,,,,,,,,,,,,
UVVIS SAT Changed: 11/10/2009 3:49:44 PM,Old:0.0125,New:0.1000,,,,,,,,,,,,,,,,,,,,,,,,,,,,
Common SAT Changed: 11/10/2009 3:49:44 PM,Old:0.0125,New:0.1000,,,,,,,,,,,,,,,,,,,,,,,,,,,,
X Start nm Changed: 11/10/2009 3:49:48 PM,Old:  800.0,New:  550.0,,,,,,,,,,,,,,,,,,,,,,,,,,,,
X Stop nm Changed: 11/10/2009 3:49:48 PM,Old:  200.0,New:  400.0,,,,,,,,,,,,,,,,,,,,,,,,,,,,
Common Interval nm Changed: 11/10/2009 3:49:48 PM,Old:     5.00,New:     1.00,,,,,,,,,,,,,,,,,,,,,,,,,,,,
Baseline Correction Changed: 11/10/2009 3:49:48 PM,Old:0,New:1,,,,,,,,,,,,,,,,,,,,,,,,,,,,
End Method Modifications,,,,,,,,,,,,,,,,,,,,,,,,,,,,,,
<Current Wavelength> ,402.0,,,,,,,,,,,,,,,,,,,,,,,,,,,,,
,,,,,,,,,,,,,,,,,,,,,,,,,,,,,,
sample16,,,,,,,,,,,,,,,,,,,,,,,,,,,,,,
sample16,,,,,,,,,,,,,,,,,,,,,,,,,,,,,,
Collection Time: 11/10/2009 4:10:05 PM,,,,,,,,,,,,,,,,,,,,,,,,,,,,,,
Operator Name  :,,,,,,,,,,,,,,,,,,,,,,,,,,,,,,
Scan Software Version: 3.00(339),,,,,,,,,,,,,,,,,,,,,,,,,,,,,,
Parameter List :,,,,,,,,,,,,,,,,,,,,,,,,,,,,,,
Instrument                        Cary 50,,,,,,,,,,,,,,,,,,,,,,,,,,,,,,
Instrument Version                3.00,,,,,,,,,,,,,,,,,,,,,,,,,,,,,,
Start (nm)                        550.0,,,,,,,,,,,,,,,,,,,,,,,,,,,,,,
Stop (nm)                         400.0,,,,,,,,,,,,,,,,,,,,,,,,,,,,,,
X Mode                            Nanometers,,,,,,,,,,,,,,,,,,,,,,,,,,,,,,
Y Mode                            Abs,,,,,,,,,,,,,,,,,,,,,,,,,,,,,,
UV-Vis Scan Rate (nm/min)         600.00,,,,,,,,,,,,,,,,,,,,,,,,,,,,,,
UV-Vis Data Interval (nm)         1.00,,,,,,,,,,,,,,,,,,,,,,,,,,,,,,
UV-Vis Ave. Time (sec)            0.1000,,,,,,,,,,,,,,,,,,,,,,,,,,,,,,
Beam Mode                         Dual Beam,,,,,,,,,,,,,,,,,,,,,,,,,,,,,,
Baseline Correction               On,,,,,,,,,,,,,,,,,,,,,,,,,,,,,,
Baseline Type                     Baseline correction,,,,,,,,,,,,,,,,,,,,,,,,,,,,,,
Baseline File Name,,,,,,,,,,,,,,,,,,,,,,,,,,,,,,
Baseline Std Ref File Name,,,,,,,,,,,,,,,,,,,,,,,,,,,,,,
Cycle Mode                        Off,,,,,,,,,,,,,,,,,,,,,,,,,,,,,,
Comments,,,,,,,,,,,,,,,,,,,,,,,,,,,,,,
Method Log     :,,,,,,,,,,,,,,,,,,,,,,,,,,,,,,
Method Name    :,,,,,,,,,,,,,,,,,,,,,,,,,,,,,,
Date/Time stamp: 11/10/2009 3:45:02 PM,,,,,,,,,,,,,,,,,,,,,,,,,,,,,,
Method Modifications:,,,,,,,,,,,,,,,,,,,,,,,,,,,,,,
UVVIS SAT Changed: 11/10/2009 3:49:44 PM,Old:0.0125,New:0.1000,,,,,,,,,,,,,,,,,,,,,,,,,,,,
Common SAT Changed: 11/10/2009 3:49:44 PM,Old:0.0125,New:0.1000,,,,,,,,,,,,,,,,,,,,,,,,,,,,
X Start nm Changed: 11/10/2009 3:49:48 PM,Old:  800.0,New:  550.0,,,,,,,,,,,,,,,,,,,,,,,,,,,,
X Stop nm Changed: 11/10/2009 3:49:48 PM,Old:  200.0,New:  400.0,,,,,,,,,,,,,,,,,,,,,,,,,,,,
Common Interval nm Changed: 11/10/2009 3:49:48 PM,Old:     5.00,New:     1.00,,,,,,,,,,,,,,,,,,,,,,,,,,,,
Baseline Correction Changed: 11/10/2009 3:49:48 PM,Old:0,New:1,,,,,,,,,,,,,,,,,,,,,,,,,,,,
End Method Modifications,,,,,,,,,,,,,,,,,,,,,,,,,,,,,,
<Current Wavelength> ,402.0,,,,,,,,,,,,,,,,,,,,,,,,,,,,,
,,,,,,,,,,,,,,,,,,,,,,,,,,,,,,
sample150,,,,,,,,,,,,,,,,,,,,,,,,,,,,,,
sample150,,,,,,,,,,,,,,,,,,,,,,,,,,,,,,
Collection Time: 11/10/2009 4:24:49 PM,,,,,,,,,,,,,,,,,,,,,,,,,,,,,,
Operator Name  :,,,,,,,,,,,,,,,,,,,,,,,,,,,,,,
Scan Software Version: 3.00(339),,,,,,,,,,,,,,,,,,,,,,,,,,,,,,
Parameter List :,,,,,,,,,,,,,,,,,,,,,,,,,,,,,,
Instrument                        Cary 50,,,,,,,,,,,,,,,,,,,,,,,,,,,,,,
Instrument Version                3.00,,,,,,,,,,,,,,,,,,,,,,,,,,,,,,
Start (nm)                        550.0,,,,,,,,,,,,,,,,,,,,,,,,,,,,,,
Stop (nm)                         400.0,,,,,,,,,,,,,,,,,,,,,,,,,,,,,,
X Mode                            Nanometers,,,,,,,,,,,,,,,,,,,,,,,,,,,,,,
Y Mode                            Abs,,,,,,,,,,,,,,,,,,,,,,,,,,,,,,
UV-Vis Scan Rate (nm/min)         600.00,,,,,,,,,,,,,,,,,,,,,,,,,,,,,,
UV-Vis Data Interval (nm)         1.00,,,,,,,,,,,,,,,,,,,,,,,,,,,,,,
UV-Vis Ave. Time (sec)            0.1000,,,,,,,,,,,,,,,,,,,,,,,,,,,,,,
Beam Mode                         Dual Beam,,,,,,,,,,,,,,,,,,,,,,,,,,,,,,
Baseline Correction               On,,,,,,,,,,,,,,,,,,,,,,,,,,,,,,
Baseline Type                     Baseline correction,,,,,,,,,,,,,,,,,,,,,,,,,,,,,,
Baseline File Name                C:\Documents and Settings\Administrator\Desktop\grp1\isobestic.BSW,,,,,,,,,,,,,,,,,,,,,,,,,,,,,,
Baseline Std Ref File Name,,,,,,,,,,,,,,,,,,,,,,,,,,,,,,
Cycle Mode                        Off,,,,,,,,,,,,,,,,,,,,,,,,,,,,,,
Comments,,,,,,,,,,,,,,,,,,,,,,,,,,,,,,
Method Log     :,,,,,,,,,,,,,,,,,,,,,,,,,,,,,,
Method Name    :,,,,,,,,,,,,,,,,,,,,,,,,,,,,,,
Date/Time stamp: 11/10/2009 3:45:02 PM,,,,,,,,,,,,,,,,,,,,,,,,,,,,,,
Method Modifications:,,,,,,,,,,,,,,,,,,,,,,,,,,,,,,
UVVIS SAT Changed: 11/10/2009 3:49:44 PM,Old:0.0125,New:0.1000,,,,,,,,,,,,,,,,,,,,,,,,,,,,
Common SAT Changed: 11/10/2009 3:49:44 PM,Old:0.0125,New:0.1000,,,,,,,,,,,,,,,,,,,,,,,,,,,,
X Start nm Changed: 11/10/2009 3:49:48 PM,Old:  800.0,New:  550.0,,,,,,,,,,,,,,,,,,,,,,,,,,,,
X Stop nm Changed: 11/10/2009 3:49:48 PM,Old:  200.0,New:  400.0,,,,,,,,,,,,,,,,,,,,,,,,,,,,
Common Interval nm Changed: 11/10/2009 3:49:48 PM,Old:     5.00,New:     1.00,,,,,,,,,,,,,,,,,,,,,,,,,,,,
Baseline Correction Changed: 11/10/2009 3:49:48 PM,Old:0,New:1,,,,,,,,,,,,,,,,,,,,,,,,,,,,
Saved as C:\Documents and Settings\Administrator\Desktop\grp1\isobestic.BSW,,,,,,,,,,,,,,,,,,,,,,,,,,,,,,
Baseline file Changed: 11/10/2009 4:21:27 PM, Old:,New:C:\Documents and Settings\Administrator\Desktop\grp1\isobestic.BSW,,,,,,,,,,,,,,,,,,,,,,,,,,,,
End Method Modifications,,,,,,,,,,,,,,,,,,,,,,,,,,,,,,
<Current Wavelength> ,402.0,,,,,,,,,,,,,,,,,,,,,,,,,,,,,